Citation/Document Number,Type,Relation
"US10570202","Patent","Study Patent"
"US12534530B2","Patent","Study Patent"
"WO15119930","Patent","Family Member"
"WO2015119930","Patent","Family Member"
"US2026116979","Patent","Family Member"
"US2022324979","Patent","Family Member"
"US2020325228","Patent","Family Member"
"US2017166641","Patent","Family Member"
"US12534530","Patent","Family Member"
"US10570202","Patent","Family Member"
"TWI663983","Patent","Family Member"
"TW201615212","Patent","Family Member"
"TR2021018608","Patent","Family Member"
"TR201901507","Patent","Family Member"
"SI3498734","Patent","Family Member"
"SI3102605","Patent","Family Member"
"SG11201605824X","Patent","Family Member"
"SG10201806656U","Patent","Family Member"
"PT3498734","Patent","Family Member"
"PT3102605","Patent","Family Member"
"PL3498734","Patent","Family Member"
"PL3102605","Patent","Family Member"
"NZ722296","Patent","Family Member"
"MX386604","Patent","Family Member"
"MX2016010082","Patent","Family Member"
"KR20250109796","Patent","Family Member"
"KR20230023810","Patent","Family Member"
"KR20160108566","Patent","Family Member"
"JP6894952","Patent","Family Member"
"JP6591428","Patent","Family Member"
"JP2021130709","Patent","Family Member"
"JP2020007359","Patent","Family Member"
"JP2017506227","Patent","Family Member"
"IN201617025251","Patent","Family Member"
"IL311399","Patent","Family Member"
"IL246760","Patent","Family Member"
"HU057205","Patent","Family Member"
"HU041469","Patent","Family Member"
"HK40010365","Patent","Family Member"
"HK1228930","Patent","Family Member"
"ES2899457","Patent","Family Member"
"ES2710211","Patent","Family Member"
"EP3971209","Patent","Family Member"
"EP3498734","Patent","Family Member"
"EP3102605","Patent","Family Member"
"EA201691376","Patent","Family Member"
"DK3102605","Patent","Family Member"
"DE602015073007","Patent","Family Member"
"DE602015019799","Patent","Family Member"
"CY1124785","Patent","Family Member"
"CY1121374","Patent","Family Member"
"CN118286440","Patent","Family Member"
"CN105960415","Patent","Family Member"
"CA3210360","Patent","Family Member"
"CA2937521","Patent","Family Member"
"BR112016017256","Patent","Family Member"
"AU2015214390","Patent","Family Member"
"US10004755","Patent","Citation"
"US2004224988","Patent","Citation"
"US2006091067","Patent","Citation"
"US2006094763","Patent","Citation"
"US2007203196","Patent","Citation"
"US2008274192","Patent","Citation"
"US2014099254","Patent","Citation"
"US2014248347","Patent","Citation"
"US2014288125","Patent","Citation"
"US2016159905","Patent","Citation"
"US2017008971","Patent","Citation"
"US2017088626","Patent","Citation"
"US2017158776","Patent","Citation"
"US2017209574","Patent","Citation"
"US2017296659","Patent","Citation"
"US2017298106","Patent","Citation"
"US2017320930","Patent","Citation"
"US2018162941","Patent","Citation"
"US2018186882","Patent","Citation"
"US6534524","Patent","Citation"
"US6884890","Patent","Citation"
"US7141581","Patent","Citation"
"US7232910","Patent","Citation"
"US7488802","Patent","Citation"
"US7521051","Patent","Citation"
"US8008449","Patent","Citation"
"US8168757","Patent","Citation"
"US8354509","Patent","Citation"
"US8383796","Patent","Citation"
"US8791140","Patent","Citation"
"US8900587","Patent","Citation"
"US8993731","Patent","Citation"
"US9073994","Patent","Citation"
"US9220776","Patent","Citation"
"US9457019","Patent","Citation"
"US9539245","Patent","Citation"
"US9683048","Patent","Citation"
"US9765147","Patent","Citation"
"US9834605","Patent","Citation"
"US9993551","Patent","Citation"
"WO04004771","Patent","Citation"
"WO2004004771","Patent","Citation"
"WO04056875","Patent","Citation"
"WO2004056875","Patent","Citation"
"WO04072286","Patent","Citation"
"WO2004072286","Patent","Citation"
"WO06048745","Patent","Citation"
"WO2006048745","Patent","Citation"
"WO08100562","Patent","Citation"
"WO2008100562","Patent","Citation"
"WO08156712","Patent","Citation"
"WO2008156712","Patent","Citation"
"WO10027827","Patent","Citation"
"WO2010027827","Patent","Citation"
"WO10077634","Patent","Citation"
"WO2010077634","Patent","Citation"
"WO11066342","Patent","Citation"
"WO2011066342","Patent","Citation"
"WO12135408","Patent","Citation"
"WO2012135408","Patent","Citation"
"WO13019906","Patent","Citation"
"WO2013019906","Patent","Citation"
"WO13164754","Patent","Citation"
"WO2013164754","Patent","Citation"
"WO13181452","Patent","Citation"
"WO2013181452","Patent","Citation"
"WO14163684","Patent","Citation"
"WO2014163684","Patent","Citation"
"WO15069266","Patent","Citation"
"WO2015069266","Patent","Citation"
"WO16059602","Patent","Citation"
"WO2016059602","Patent","Citation"
"US10750202","Patent","Citation"
"US2010266617","Patent","Citation"
"US2016303231","Patent","Citation"
"CN106414451","Patent","Citation Family Member"
"CN106459063","Patent","Citation Family Member"
"WO15157115","Patent","Citation Family Member"
"WO2015157115","Patent","Citation Family Member"
"WO15157122","Patent","Citation Family Member"
"WO2015157122","Patent","Citation Family Member"
"WO15157123","Patent","Citation Family Member"
"WO2015157123","Patent","Citation Family Member"
"WO15157127","Patent","Citation Family Member"
"WO2015157127","Patent","Citation Family Member"
"WO15157125","Patent","Citation Family Member"
"WO2015157125","Patent","Citation Family Member"
"WO15157128","Patent","Citation Family Member"
"WO2015157128","Patent","Citation Family Member"
"EP3129377","Patent","Citation Family Member"
"EP3129379","Patent","Citation Family Member"
"US2015290194","Patent","Citation Family Member"
"US2015290197","Patent","Citation Family Member"
"US2015290212","Patent","Citation Family Member"
"US2015291606","Patent","Citation Family Member"
"US2015291605","Patent","Citation Family Member"
"US2015291609","Patent","Citation Family Member"
"AU2015244171","Patent","Citation Family Member"
"AU2015244179","Patent","Citation Family Member"
"CA2945128","Patent","Citation Family Member"
"CA2945129","Patent","Citation Family Member"
"US2017136043","Patent","Citation Family Member"
"US9555031","Patent","Citation Family Member"
"US9555030","Patent","Citation Family Member"
"US9603850","Patent","Citation Family Member"
"US9649309","Patent","Citation Family Member"
"JP2017510663","Patent","Citation Family Member"
"JP2017513942","Patent","Citation Family Member"
"TW200423933","Patent","Citation Family Member"
"ZA200506974","Patent","Citation Family Member"
"GT200400053","Patent","Citation Family Member"
"BRPI0409230","Patent","Citation Family Member"
"NO20055143","Patent","Citation Family Member"
"RU2005128791","Patent","Citation Family Member"
"CN1832743","Patent","Citation Family Member"
"KR20050119671","Patent","Citation Family Member"
"RU2008122358","Patent","Citation Family Member"
"IL170648","Patent","Citation Family Member"
"UY28255","Patent","Citation Family Member"
"PA8599701","Patent","Citation Family Member"
"HK1090837","Patent","Citation Family Member"
"WO04087152","Patent","Citation Family Member"
"WO2004087152","Patent","Citation Family Member"
"NL1025873","Patent","Citation Family Member"
"EP1613320","Patent","Citation Family Member"
"MXPA05009303","Patent","Citation Family Member"
"AR043822","Patent","Citation Family Member"
"CA2520932","Patent","Citation Family Member"
"AU2004226586","Patent","Citation Family Member"
"RU2341263","Patent","Citation Family Member"
"JP2006522087","Patent","Citation Family Member"
"RU2007120635","Patent","Citation Family Member"
"TW200630345","Patent","Citation Family Member"
"KR20070085727","Patent","Citation Family Member"
"CN101094836","Patent","Citation Family Member"
"ZA200704350","Patent","Citation Family Member"
"IL183605","Patent","Citation Family Member"
"HK1113568","Patent","Citation Family Member"
"MX2007006554","Patent","Citation Family Member"
"WO06048746","Patent","Citation Family Member"
"WO2006048746","Patent","Citation Family Member"
"WO06048761","Patent","Citation Family Member"
"WO2006048761","Patent","Citation Family Member"
"EP1814859","Patent","Citation Family Member"
"AU2005300241","Patent","Citation Family Member"
"CA2591313","Patent","Citation Family Member"
"AR053773","Patent","Citation Family Member"
"RU2007116150","Patent","Citation Family Member"
"TW200630356","Patent","Citation Family Member"
"KR20070060145","Patent","Citation Family Member"
"BRPI0517924","Patent","Citation Family Member"
"ZA200702976","Patent","Citation Family Member"
"IL182580","Patent","Citation Family Member"
"HK1109146","Patent","Citation Family Member"
"WO06048751","Patent","Citation Family Member"
"WO2006048751","Patent","Citation Family Member"
"EP1819696","Patent","Citation Family Member"
"MX2007005273","Patent","Citation Family Member"
"CA2586177","Patent","Citation Family Member"
"AR051945","Patent","Citation Family Member"
"AU2005300317","Patent","Citation Family Member"
"JP2008518904","Patent","Citation Family Member"
"RU2007116107","Patent","Citation Family Member"
"TW200621721","Patent","Citation Family Member"
"NO20071619","Patent","Citation Family Member"
"KR20070058690","Patent","Citation Family Member"
"CN101052633","Patent","Citation Family Member"
"ZA200702977","Patent","Citation Family Member"
"IL182693","Patent","Citation Family Member"
"HK1107090","Patent","Citation Family Member"
"WO06048744","Patent","Citation Family Member"
"WO2006048744","Patent","Citation Family Member"
"EP1809621","Patent","Citation Family Member"
"MX2007005291","Patent","Citation Family Member"
"BRPI0518203","Patent","Citation Family Member"
"CA2586174","Patent","Citation Family Member"
"US2006094881","Patent","Citation Family Member"
"AR051754","Patent","Citation Family Member"
"AU2005300310","Patent","Citation Family Member"
"TWI294421","Patent","Citation Family Member"
"JP2008518900","Patent","Citation Family Member"
"WO06123223","Patent","Citation Family Member"
"WO2006123223","Patent","Citation Family Member"
"EP1885338","Patent","Citation Family Member"
"CA2608952","Patent","Citation Family Member"
"JP2008540629","Patent","Citation Family Member"
"CN104379169","Patent","Citation Family Member"
"CN105073128","Patent","Citation Family Member"
"CN106132436","Patent","Citation Family Member"
"IN201617024470","Patent","Citation Family Member"
"CN107252485","Patent","Citation Family Member"
"CN109513003","Patent","Citation Family Member"
"WO15126548","Patent","Citation Family Member"
"WO2015126548","Patent","Citation Family Member"
"EP2981281","Patent","Citation Family Member"
"EP3107577","Patent","Citation Family Member"
"MX2016010683","Patent","Citation Family Member"
"WO17210058","Patent","Citation Family Member"
"WO2017210058","Patent","Citation Family Member"
"WO18217227","Patent","Citation Family Member"
"WO2018217227","Patent","Citation Family Member"
"EP3586874","Patent","Citation Family Member"
"WO14028560","Patent","Citation Family Member"
"WO2014028560","Patent","Citation Family Member"
"EP2885002","Patent","Citation Family Member"
"JP2018135371","Patent","Citation Family Member"
"JP2019048869","Patent","Citation Family Member"
"JP2019108373","Patent","Citation Family Member"
"US2014050660","Patent","Citation Family Member"
"AU2013302696","Patent","Citation Family Member"
"CA2874864","Patent","Citation Family Member"
"US2015132217","Patent","Citation Family Member"
"US2015231241","Patent","Citation Family Member"
"CA2899577","Patent","Citation Family Member"
"US2016176968","Patent","Citation Family Member"
"US2016176980","Patent","Citation Family Member"
"AU2015219495","Patent","Citation Family Member"
"CA2937236","Patent","Citation Family Member"
"US2016264678","Patent","Citation Family Member"
"US2017021017","Patent","Citation Family Member"
"US2017022274","Patent","Citation Family Member"
"US2017226219","Patent","Citation Family Member"
"US2017247417","Patent","Citation Family Member"
"US2017275375","Patent","Citation Family Member"
"US2017281767","Patent","Citation Family Member"
"US2018051085","Patent","Citation Family Member"
"US2018118846","Patent","Citation Family Member"
"AU2018236844","Patent","Citation Family Member"
"US2019142939","Patent","Citation Family Member"
"IN369491","Patent","Citation Family Member"
"MX384646","Patent","Citation Family Member"
"IN448767","Patent","Citation Family Member"
"JP6361039","Patent","Citation Family Member"
"JP6447933","Patent","Citation Family Member"
"JP6759508","Patent","Citation Family Member"
"JP6767029","Patent","Citation Family Member"
"US9315567","Patent","Citation Family Member"
"US9382329","Patent","Citation Family Member"
"US9670286","Patent","Citation Family Member"
"US9682143","Patent","Citation Family Member"
"US9879088","Patent","Citation Family Member"
"US10111954","Patent","Citation Family Member"
"US10131712","Patent","Citation Family Member"
"US10183992","Patent","Citation Family Member"
"US10239938","Patent","Citation Family Member"
"US10245321","Patent","Citation Family Member"
"US10308688","Patent","Citation Family Member"
"US10662252","Patent","Citation Family Member"
"US10669338","Patent","Citation Family Member"
"EP3107577C0","Patent","Citation Family Member"
"DE602013070805","Patent","Citation Family Member"
"JP2016520548","Patent","Citation Family Member"
"JP2017507936","Patent","Citation Family Member"
"ES2978993","Patent","Citation Family Member"
"TW201328725","Patent","Citation Family Member"
"CN103826618","Patent","Citation Family Member"
"KR20140069297","Patent","Citation Family Member"
"TW201531309","Patent","Citation Family Member"
"RU2014107767","Patent","Citation Family Member"
"IL231437","Patent","Citation Family Member"
"SG11201400145V","Patent","Citation Family Member"
"HK1196063","Patent","Citation Family Member"
"WO13046133","Patent","Citation Family Member"
"WO2013046133","Patent","Citation Family Member"
"EP2760434","Patent","Citation Family Member"
"MX2014003886","Patent","Citation Family Member"
"JP2013079234","Patent","Citation Family Member"
"BR112014007163","Patent","Citation Family Member"
"AU2012313885","Patent","Citation Family Member"
"CA2847860","Patent","Citation Family Member"
"AR088195","Patent","Citation Family Member"
"BRPI0316880","Patent","Citation Family Member"
"NO20053389","Patent","Citation Family Member"
"CN1753912","Patent","Citation Family Member"
"CN101899114","Patent","Citation Family Member"
"IL169152","Patent","Citation Family Member"
"EP1576014","Patent","Citation Family Member"
"MXPA05006828","Patent","Citation Family Member"
"HK1083510","Patent","Citation Family Member"
"JP2010189395","Patent","Citation Family Member"
"CA2508660","Patent","Citation Family Member"
"US2004213795","Patent","Citation Family Member"
"AU2003288675","Patent","Citation Family Member"
"US2006210567","Patent","Citation Family Member"
"US2008311117","Patent","Citation Family Member"
"US2010028330","Patent","Citation Family Member"
"AU2010235966","Patent","Citation Family Member"
"MX266969","Patent","Citation Family Member"
"IN239794","Patent","Citation Family Member"
"NO336442","Patent","Citation Family Member"
"JP4511943","Patent","Citation Family Member"
"US8088905","Patent","Citation Family Member"
"DE60337572","Patent","Citation Family Member"
"AT514713","Patent","Citation Family Member"
"JP2006521783","Patent","Citation Family Member"
"ES2367430","Patent","Citation Family Member"
"CN103857699","Patent","Citation Family Member"
"NZ618334","Patent","Citation Family Member"
"CN106432506","Patent","Citation Family Member"
"NZ719602","Patent","Citation Family Member"
"HK1234424","Patent","Citation Family Member"
"WO12162561","Patent","Citation Family Member"
"WO2012162561","Patent","Citation Family Member"
"EP2714738","Patent","Citation Family Member"
"AU2012258637","Patent","Citation Family Member"
"CA2837169","Patent","Citation Family Member"
"US2014065142","Patent","Citation Family Member"
"US2015210765","Patent","Citation Family Member"
"AU2017204032","Patent","Citation Family Member"
"US10526381","Patent","Citation Family Member"
"DE602012052017","Patent","Citation Family Member"
"DK2714738","Patent","Citation Family Member"
"ES2704038","Patent","Citation Family Member"
"TW201332548","Patent","Citation Family Member"
"CN103917234","Patent","Citation Family Member"
"KR20140088556","Patent","Citation Family Member"
"RU2014116407","Patent","Citation Family Member"
"ZA201403306","Patent","Citation Family Member"
"IL232427","Patent","Citation Family Member"
"SG11201401656P","Patent","Citation Family Member"
"HK1196537","Patent","Citation Family Member"
"WO13068909","Patent","Citation Family Member"
"WO2013068909","Patent","Citation Family Member"
"MX2014005715","Patent","Citation Family Member"
"EP2776031","Patent","Citation Family Member"
"BR112014011453","Patent","Citation Family Member"
"AU2012335254","Patent","Citation Family Member"
"CA2855211","Patent","Citation Family Member"
"US9205078","Patent","Citation Family Member"
"JP2014533262","Patent","Citation Family Member"
"PH2017500853","Patent","Citation Family Member"
"KR20170086124","Patent","Citation Family Member"
"CN107207578","Patent","Citation Family Member"
"IN201717019506","Patent","Citation Family Member"
"ID201803404","Patent","Citation Family Member"
"TH176997","Patent","Citation Family Member"
"ZA201703192","Patent","Citation Family Member"
"GB201421647","Patent","Citation Family Member"
"IL252626","Patent","Citation Family Member"
"WO16087680","Patent","Citation Family Member"
"WO2016087680","Patent","Citation Family Member"
"SG11201703825U","Patent","Citation Family Member"
"EP3227322","Patent","Citation Family Member"
"EA201791249","Patent","Citation Family Member"
"CL2017001310","Patent","Citation Family Member"
"MX2017007338","Patent","Citation Family Member"
"CO20170005566","Patent","Citation Family Member"
"BR112017011543","Patent","Citation Family Member"
"JP2020183441","Patent","Citation Family Member"
"AU2015356997","Patent","Citation Family Member"
"CA2968333","Patent","Citation Family Member"
"US2020283503","Patent","Citation Family Member"
"CL59680","Patent","Citation Family Member"
"MX391474","Patent","Citation Family Member"
"IN399350","Patent","Citation Family Member"
"VN10031869","Patent","Citation Family Member"
"EA035767","Patent","Citation Family Member"
"JP6952843","Patent","Citation Family Member"
"US10703796","Patent","Citation Family Member"
"DE602015088269","Patent","Citation Family Member"
"JP2018506508","Patent","Citation Family Member"
"KR20160089524","Patent","Citation Family Member"
"KR20160089531","Patent","Citation Family Member"
"KR20160089532","Patent","Citation Family Member"
"CN105828837","Patent","Citation Family Member"
"KR20160099092","Patent","Citation Family Member"
"CN105899535","Patent","Citation Family Member"
"CN105934253","Patent","Citation Family Member"
"CN106102774","Patent","Citation Family Member"
"CN106999583","Patent","Citation Family Member"
"KR20170096112","Patent","Citation Family Member"
"RU2016128711","Patent","Citation Family Member"
"RU2016126662","Patent","Citation Family Member"
"RU2016128894","Patent","Citation Family Member"
"RU2016128726","Patent","Citation Family Member"
"RU2017121096","Patent","Citation Family Member"
"CN112353943","Patent","Citation Family Member"
"KR20220136459","Patent","Citation Family Member"
"NZ720515","Patent","Citation Family Member"
"NZ760065","Patent","Citation Family Member"
"MY189089","Patent","Citation Family Member"
"ZA201603753","Patent","Citation Family Member"
"KR20240017102","Patent","Citation Family Member"
"KR20250024856","Patent","Citation Family Member"
"IL246251","Patent","Citation Family Member"
"IL246183","Patent","Citation Family Member"
"IL252251","Patent","Citation Family Member"
"IL246228","Patent","Citation Family Member"
"IL245857","Patent","Citation Family Member"
"WO15095410","Patent","Citation Family Member"
"WO2015095410","Patent","Citation Family Member"
"WO15095418","Patent","Citation Family Member"
"WO2015095418","Patent","Citation Family Member"
"WO16081384","Patent","Citation Family Member"
"WO2016081384","Patent","Citation Family Member"
"EP3083690","Patent","Citation Family Member"
"EP3083692","Patent","Citation Family Member"
"MX2016007965","Patent","Citation Family Member"
"MX2016007887","Patent","Citation Family Member"
"MX2016007972","Patent","Citation Family Member"
"MX2016007885","Patent","Citation Family Member"
"SG11201604875P","Patent","Citation Family Member"
"SG11201604956S","Patent","Citation Family Member"
"SG11201604979W","Patent","Citation Family Member"
"SG11201604995Y","Patent","Citation Family Member"
"SG11201703605Q","Patent","Citation Family Member"
"EP3221360","Patent","Citation Family Member"
"MX2017006320","Patent","Citation Family Member"
"HK1225634","Patent","Citation Family Member"
"HK1226951","Patent","Citation Family Member"
"HK1228409","Patent","Citation Family Member"
"HK1230525","Patent","Citation Family Member"
"HK1241729","Patent","Citation Family Member"
"SG10201807625P","Patent","Citation Family Member"
"SG10201808519V","Patent","Citation Family Member"
"EP3527587","Patent","Citation Family Member"
"EP3647324","Patent","Citation Family Member"
"SG10202002334P","Patent","Citation Family Member"
"EP3680254","Patent","Citation Family Member"
"HK40045341","Patent","Citation Family Member"
"MX2021013520","Patent","Citation Family Member"
"WO15095404","Patent","Citation Family Member"
"WO2015095404","Patent","Citation Family Member"
"WO15095423","Patent","Citation Family Member"
"WO2015095423","Patent","Citation Family Member"
"EP3083686","Patent","Citation Family Member"
"EP3083687","Patent","Citation Family Member"
"BR112016013741","Patent","Citation Family Member"
"BR112016013963","Patent","Citation Family Member"
"BR112016013969","Patent","Citation Family Member"
"BR112016013896","Patent","Citation Family Member"
"BR112017010198","Patent","Citation Family Member"
"JP2019142900","Patent","Citation Family Member"
"JP2020111580","Patent","Citation Family Member"
"JP2022061996","Patent","Citation Family Member"
"JP2025020147","Patent","Citation Family Member"
"US2015190506","Patent","Citation Family Member"
"US2015210772","Patent","Citation Family Member"
"AU2014364587","Patent","Citation Family Member"
"US2016166685","Patent","Citation Family Member"
"CA2931812","Patent","Citation Family Member"
"AU2014364593","Patent","Citation Family Member"
"AU2014364601","Patent","Citation Family Member"
"AU2014364606","Patent","Citation Family Member"
"CA2934028","Patent","Citation Family Member"
"CA2933881","Patent","Citation Family Member"
"CA2933883","Patent","Citation Family Member"
"US2016257752","Patent","Citation Family Member"
"AR102680","Patent","Citation Family Member"
"AU2015350242","Patent","Citation Family Member"
"US2017290913","Patent","Citation Family Member"
"CA2967368","Patent","Citation Family Member"
"US2018171025","Patent","Citation Family Member"
"US2018303936","Patent","Citation Family Member"
"US2020131276","Patent","Citation Family Member"
"AU2020233642","Patent","Citation Family Member"
"US2020392249","Patent","Citation Family Member"
"US2021189004","Patent","Citation Family Member"
"US2022002437","Patent","Citation Family Member"
"US2022306766","Patent","Citation Family Member"
"IL296657","Patent","Citation Family Member"
"US2023203194","Patent","Citation Family Member"
"US2024076404","Patent","Citation Family Member"
"US2024309111","Patent","Citation Family Member"
"US2025084185","Patent","Citation Family Member"
"US2025154282","Patent","Citation Family Member"
"US2026028419","Patent","Citation Family Member"
"CA3253508","Patent","Citation Family Member"
"MX389667","Patent","Citation Family Member"
"RS59659","Patent","Citation Family Member"
"KR102447878","Patent","Citation Family Member"
"KR102630750","Patent","Citation Family Member"
"JP6841656","Patent","Citation Family Member"
"JP7645204","Patent","Citation Family Member"
"US10570213","Patent","Citation Family Member"
"RU2719487","Patent","Citation Family Member"
"DE602014061314","Patent","Citation Family Member"
"DE602014055686","Patent","Citation Family Member"
"LT3083686","Patent","Citation Family Member"
"PT3083686","Patent","Citation Family Member"
"HR20192288","Patent","Citation Family Member"
"SI3083686","Patent","Citation Family Member"
"JP2017501155","Patent","Citation Family Member"
"JP2017501157","Patent","Citation Family Member"
"JP2017501167","Patent","Citation Family Member"
"JP2017507900","Patent","Citation Family Member"
"JP2017537090","Patent","Citation Family Member"
"HU047699","Patent","Citation Family Member"
"DK3083686","Patent","Citation Family Member"
"PL3083686","Patent","Citation Family Member"
"ES2763429","Patent","Citation Family Member"
"TR201918280","Patent","Citation Family Member"
"FI3083686","Patent","Citation Family Member"
"WO15126903","Patent","Citation Family Member"
"WO2015126903","Patent","Citation Family Member"
"EP3107538","Patent","Citation Family Member"
"CA2942039","Patent","Citation Family Member"
"US10738119","Patent","Citation Family Member"
"DE602015053365","Patent","Citation Family Member"
"KR20160119867","Patent","Citation Family Member"
"CN106255510","Patent","Citation Family Member"
"CN114432440","Patent","Citation Family Member"
"KR20220127940","Patent","Citation Family Member"
"KR20240144452","Patent","Citation Family Member"
"WO15134605","Patent","Citation Family Member"
"WO2015134605","Patent","Citation Family Member"
"EP3114144","Patent","Citation Family Member"
"EP3572430","Patent","Citation Family Member"
"JP2020007331","Patent","Citation Family Member"
"JP2022058698","Patent","Citation Family Member"
"JP2024178325","Patent","Citation Family Member"
"US2019263923","Patent","Citation Family Member"
"US2022389110","Patent","Citation Family Member"
"US2025297028","Patent","Citation Family Member"
"JP2017507155","Patent","Citation Family Member"
"KR20170003692","Patent","Citation Family Member"
"CN106714839","Patent","Citation Family Member"
"RU2016148927","Patent","Citation Family Member"
"CN115590953","Patent","Citation Family Member"
"KR20230144099","Patent","Citation Family Member"
"KR20250153873","Patent","Citation Family Member"
"WO15176033","Patent","Citation Family Member"
"WO2015176033","Patent","Citation Family Member"
"EP3142697","Patent","Citation Family Member"
"MX2016014753","Patent","Citation Family Member"
"MX2022004000","Patent","Citation Family Member"
"BR112016026559","Patent","Citation Family Member"
"EP3760229","Patent","Citation Family Member"
"CA2949121","Patent","Citation Family Member"
"US2018319892","Patent","Citation Family Member"
"US2021324106","Patent","Citation Family Member"
"US2025011466","Patent","Citation Family Member"
"KR102870759","Patent","Citation Family Member"
"RU2695332","Patent","Citation Family Member"
"JP2017515859","Patent","Citation Family Member"
"US2004171634","Patent","Citation Family Member"
"US2005038097","Patent","Citation Family Member"
"KR20170060042","Patent","Citation Family Member"
"IN201717013149","Patent","Citation Family Member"
"CN107206071","Patent","Citation Family Member"
"RU2017112379","Patent","Citation Family Member"
"WO16040880","Patent","Citation Family Member"
"WO2016040880","Patent","Citation Family Member"
"WO16040882","Patent","Citation Family Member"
"WO2016040882","Patent","Citation Family Member"
"WO16040892","Patent","Citation Family Member"
"WO2016040892","Patent","Citation Family Member"
"EP3191126","Patent","Citation Family Member"
"EP3191127","Patent","Citation Family Member"
"EP3191097","Patent","Citation Family Member"
"MX2017003227","Patent","Citation Family Member"
"EP3659621","Patent","Citation Family Member"
"EP3925622","Patent","Citation Family Member"
"BR112017004826","Patent","Citation Family Member"
"AU2015314756","Patent","Citation Family Member"
"US2017281624","Patent","Citation Family Member"
"CA2960824","Patent","Citation Family Member"
"US2017304443","Patent","Citation Family Member"
"AU2018250507","Patent","Citation Family Member"
"US2024075136","Patent","Citation Family Member"
"JP6681905","Patent","Citation Family Member"
"US11344620","Patent","Citation Family Member"
"RU2718914","Patent","Citation Family Member"
"DE602015040325","Patent","Citation Family Member"
"DE602015052780","Patent","Citation Family Member"
"JP2017532372","Patent","Citation Family Member"
"ES2771926","Patent","Citation Family Member"
"KR20170066546","Patent","Citation Family Member"
"CN107106687","Patent","Citation Family Member"
"IN201717015513","Patent","Citation Family Member"
"EA201790737","Patent","Citation Family Member"
"MX2017004360","Patent","Citation Family Member"
"HK1242582","Patent","Citation Family Member"
"HK40019395","Patent","Citation Family Member"
"MX2020005894","Patent","Citation Family Member"
"WO16054555","Patent","Citation Family Member"
"WO2016054555","Patent","Citation Family Member"
"EP3200775","Patent","Citation Family Member"
"BR112017006664","Patent","Citation Family Member"
"EP3662903","Patent","Citation Family Member"
"JP2022043060","Patent","Citation Family Member"
"AU2015327868","Patent","Citation Family Member"
"CA2963281","Patent","Citation Family Member"
"US2021000951","Patent","Citation Family Member"
"AU2021204687","Patent","Citation Family Member"
"MX378690","Patent","Citation Family Member"
"DE602015042142","Patent","Citation Family Member"
"JP2017535528","Patent","Citation Family Member"
"ES2774448","Patent","Citation Family Member"
"MA40035","Patent","Citation Family Member"
"TW201620940","Patent","Citation Family Member"
"KR20170069257","Patent","Citation Family Member"
"CN107001478","Patent","Citation Family Member"
"CR20170143","Patent","Citation Family Member"
"PH2017500692","Patent","Citation Family Member"
"ID201805935","Patent","Citation Family Member"
"GT201700081","Patent","Citation Family Member"
"ECSP17029218","Patent","Citation Family Member"
"CN114920840","Patent","Citation Family Member"
"IL251563","Patent","Citation Family Member"
"PE20171067","Patent","Citation Family Member"
"WO16061142","Patent","Citation Family Member"
"WO2016061142","Patent","Citation Family Member"
"UY36351","Patent","Citation Family Member"
"SG11201702401R","Patent","Citation Family Member"
"EP3206711","Patent","Citation Family Member"
"PE10672017","Patent","Citation Family Member"
"CL2017000888","Patent","Citation Family Member"
"MX2017004810","Patent","Citation Family Member"
"EA201790834","Patent","Citation Family Member"
"HK1234676","Patent","Citation Family Member"
"TN2017000129","Patent","Citation Family Member"
"HK40102321","Patent","Citation Family Member"
"CO20170003490","Patent","Citation Family Member"
"BR112017007379","Patent","Citation Family Member"
"JP2021121593","Patent","Citation Family Member"
"JP2023126761","Patent","Citation Family Member"
"EP4245376","Patent","Citation Family Member"
"CU20170052","Patent","Citation Family Member"
"US2016108123","Patent","Citation Family Member"
"AU2015333687","Patent","Citation Family Member"
"AR104081","Patent","Citation Family Member"
"CA2964367","Patent","Citation Family Member"
"US2021284737","Patent","Citation Family Member"
"US2024343808","Patent","Citation Family Member"
"TWI716362","Patent","Citation Family Member"
"MX389663","Patent","Citation Family Member"
"KR102513870","Patent","Citation Family Member"
"JP6877339","Patent","Citation Family Member"
"JP7695819","Patent","Citation Family Member"
"US9988452","Patent","Citation Family Member"
"US10851165","Patent","Citation Family Member"
"DE602015083749","Patent","Citation Family Member"
"JP2017536099","Patent","Citation Family Member"
"ES2952717","Patent","Citation Family Member"
"TW201630936","Patent","Citation Family Member"
"KR20170086662","Patent","Citation Family Member"
"CN107207593","Patent","Citation Family Member"
"IN201717019999","Patent","Citation Family Member"
"PH2017500994","Patent","Citation Family Member"
"ID201800809","Patent","Citation Family Member"
"RU2017118225","Patent","Citation Family Member"
"NZ731735","Patent","Citation Family Member"
"MY193404","Patent","Citation Family Member"
"ZA201703438","Patent","Citation Family Member"
"IL252280","Patent","Citation Family Member"
"PE20171180","Patent","Citation Family Member"
"WO16092419","Patent","Citation Family Member"
"WO2016092419","Patent","Citation Family Member"
"SG11201703950P","Patent","Citation Family Member"
"PE11802017","Patent","Citation Family Member"
"EP3230319","Patent","Citation Family Member"
"MX2017007537","Patent","Citation Family Member"
"HK1244492","Patent","Citation Family Member"
"EP4166572","Patent","Citation Family Member"
"CO20170005738","Patent","Citation Family Member"
"BR112017010762","Patent","Citation Family Member"
"CA2914087","Patent","Citation Family Member"
"AR102872","Patent","Citation Family Member"
"AU2015359003","Patent","Citation Family Member"
"AU2019200003","Patent","Citation Family Member"
"US2019083612","Patent","Citation Family Member"
"US2020368349","Patent","Citation Family Member"
"US2022249657","Patent","Citation Family Member"
"TWI595006","Patent","Citation Family Member"
"ID73979","Patent","Citation Family Member"
"MX389945","Patent","Citation Family Member"
"IN392043","Patent","Citation Family Member"
"KR102012113","Patent","Citation Family Member"
"SA517381676","Patent","Citation Family Member"
"JP6552621","Patent","Citation Family Member"
"US10155037","Patent","Citation Family Member"
"US10660953","Patent","Citation Family Member"
"US11338035","Patent","Citation Family Member"
"RU2701797","Patent","Citation Family Member"
"DE602015080716","Patent","Citation Family Member"
"PT3230319","Patent","Citation Family Member"
"HR20221226","Patent","Citation Family Member"
"JP2018503365","Patent","Citation Family Member"
"HU060165","Patent","Citation Family Member"
"DK3230319","Patent","Citation Family Member"
"ES2929721","Patent","Citation Family Member"
"PL3230319","Patent","Citation Family Member"
"TR2022015998","Patent","Citation Family Member"
"JP2004004771","Patent","Citation Family Member"
"EP1537878","Patent","Citation Family Member"
"EP2206517","Patent","Citation Family Member"
"EP2243493","Patent","Citation Family Member"
"EP3287144","Patent","Citation Family Member"
"JP2009286795","Patent","Citation Family Member"
"JP2012236861","Patent","Citation Family Member"
"JP2014065748","Patent","Citation Family Member"
"JP2015163631","Patent","Citation Family Member"
"JP2016210817","Patent","Citation Family Member"
"JP2018039835","Patent","Citation Family Member"
"JP2019094340","Patent","Citation Family Member"
"JP2021080301","Patent","Citation Family Member"
"AU2003281200","Patent","Citation Family Member"
"US2006110383","Patent","Citation Family Member"
"US2009297518","Patent","Citation Family Member"
"US2011081341","Patent","Citation Family Member"
"US2014314714","Patent","Citation Family Member"
"US2015093380","Patent","Citation Family Member"
"US2015197572","Patent","Citation Family Member"
"US2016158356","Patent","Citation Family Member"
"US2016158355","Patent","Citation Family Member"
"US2017051060","Patent","Citation Family Member"
"US2020062846","Patent","Citation Family Member"
"JP4409430","Patent","Citation Family Member"
"JP5159730","Patent","Citation Family Member"
"JP5701266","Patent","Citation Family Member"
"JP5885764","Patent","Citation Family Member"
"JP6035372","Patent","Citation Family Member"
"JP6258428","Patent","Citation Family Member"
"JP6559207","Patent","Citation Family Member"
"US9067999","Patent","Citation Family Member"
"US7595048","Patent","Citation Family Member"
"US8168179","Patent","Citation Family Member"
"US8728474","Patent","Citation Family Member"
"US9393301","Patent","Citation Family Member"
"US9402899","Patent","Citation Family Member"
"US9439962","Patent","Citation Family Member"
"DE60352751","Patent","Citation Family Member"
"DE60334303","Patent","Citation Family Member"
"AT481985","Patent","Citation Family Member"
"HU1500066","Patent","Citation Family Member"
"HU1600004","Patent","Citation Family Member"
"LU92905","Patent","Citation Family Member"
"LU92940","Patent","Citation Family Member"
"PT1537878","Patent","Citation Family Member"
"PT2206517","Patent","Citation Family Member"
"ATE481985","Patent","Citation Family Member"
"DK2206517","Patent","Citation Family Member"
"ES2654064","Patent","Citation Family Member"
"DE10161767","Patent","Citation Family Member"
"HU10161767","Patent","Citation Family Member"
"SI2206517","Patent","Citation Family Member"
"HU065675","Patent","Citation Family Member"
"DK1537878","Patent","Citation Family Member"
"ES2350687","Patent","Citation Family Member"
"TR201801378","Patent","Citation Family Member"
"FI2206517","Patent","Citation Family Member"
"KR20050107399","Patent","Citation Family Member"
"JP2004072286","Patent","Citation Family Member"
"EP1591527","Patent","Citation Family Member"
"JP2010229134","Patent","Citation Family Member"
"EP2270051","Patent","Citation Family Member"
"JP2013082712","Patent","Citation Family Member"
"JP2016033169","Patent","Citation Family Member"
"US2008025979","Patent","Citation Family Member"
"US2009263865","Patent","Citation Family Member"
"US2011280878","Patent","Citation Family Member"
"US2013164294","Patent","Citation Family Member"
"US2015118234","Patent","Citation Family Member"
"JP4532409","Patent","Citation Family Member"
"JP5892913","Patent","Citation Family Member"
"JP6157574","Patent","Citation Family Member"
"US7563869","Patent","Citation Family Member"
"US7998479","Patent","Citation Family Member"
"US8246955","Patent","Citation Family Member"
"US8951518","Patent","Citation Family Member"
"US9783609","Patent","Citation Family Member"
"DE602004047754","Patent","Citation Family Member"
"DE602004053977","Patent","Citation Family Member"
"ES2729974","Patent","Citation Family Member"
"RU2007114112","Patent","Citation Family Member"
"TW200614990","Patent","Citation Family Member"
"KR20070058689","Patent","Citation Family Member"
"NO20072747","Patent","Citation Family Member"
"CN101044138","Patent","Citation Family Member"
"BRPI0517921","Patent","Citation Family Member"
"ZA200702317","Patent","Citation Family Member"
"IL182096","Patent","Citation Family Member"
"HK1112897","Patent","Citation Family Member"
"EP1809625","Patent","Citation Family Member"
"MX2007003603","Patent","Citation Family Member"
"CA2586176","Patent","Citation Family Member"
"AR051753","Patent","Citation Family Member"
"AU2005300311","Patent","Citation Family Member"
"JP2008518901","Patent","Citation Family Member"
"KR20080011428","Patent","Citation Family Member"
"NO20170138","Patent","Citation Family Member"
"NO20200470","Patent","Citation Family Member"
"NO20231166","Patent","Citation Family Member"
"NO20075697","Patent","Citation Family Member"
"CN101213297","Patent","Citation Family Member"
"TW200716743","Patent","Citation Family Member"
"ZA200709631","Patent","Citation Family Member"
"RU2007145419","Patent","Citation Family Member"
"NZ563193","Patent","Citation Family Member"
"RU2010135087","Patent","Citation Family Member"
"KR20130032908","Patent","Citation Family Member"
"CN103059138","Patent","Citation Family Member"
"KR20130114226","Patent","Citation Family Member"
"RU2013133714","Patent","Citation Family Member"
"CN105315373","Patent","Citation Family Member"
"RU2016133899","Patent","Citation Family Member"
"CN109485727","Patent","Citation Family Member"
"IN201948035076","Patent","Citation Family Member"
"RU2020126689","Patent","Citation Family Member"
"CN117534755","Patent","Citation Family Member"
"IL187108","Patent","Citation Family Member"
"IL208642","Patent","Citation Family Member"
"HK1110095","Patent","Citation Family Member"
"WO06121168","Patent","Citation Family Member"
"WO2006121168","Patent","Citation Family Member"
"EP1896582","Patent","Citation Family Member"
"MX2007013978","Patent","Citation Family Member"
"EP2161336","Patent","Citation Family Member"
"HK1140793","Patent","Citation Family Member"
"JP2006340714","Patent","Citation Family Member"
"JP2009155338","Patent","Citation Family Member"
"BRPI0610235","Patent","Citation Family Member"
"EP2418278","Patent","Citation Family Member"
"EP2439272","Patent","Citation Family Member"
"EP2439273","Patent","Citation Family Member"
"JP2012158605","Patent","Citation Family Member"
"JP2014077015","Patent","Citation Family Member"
"JP2016033135","Patent","Citation Family Member"
"JP2017052784","Patent","Citation Family Member"
"JP2019103504","Patent","Citation Family Member"
"EP3530736","Patent","Citation Family Member"
"JP2021191793","Patent","Citation Family Member"
"JP2024023539","Patent","Citation Family Member"
"CA2970873","Patent","Citation Family Member"
"CA3151350","Patent","Citation Family Member"
"CA2607147","Patent","Citation Family Member"
"AU2006244885","Patent","Citation Family Member"
"US2009217401","Patent","Citation Family Member"
"AU2011203119","Patent","Citation Family Member"
"US2013133091","Patent","Citation Family Member"
"US2014212422","Patent","Citation Family Member"
"US2014294852","Patent","Citation Family Member"
"US2014328833","Patent","Citation Family Member"
"US2014348743","Patent","Citation Family Member"
"US2015165025","Patent","Citation Family Member"
"US2017088615","Patent","Citation Family Member"
"US2020138945","Patent","Citation Family Member"
"US2023272079","Patent","Citation Family Member"
"MX305803","Patent","Citation Family Member"
"TWI379898","Patent","Citation Family Member"
"IN340060","Patent","Citation Family Member"
"KR101318469","Patent","Citation Family Member"
"KR101339628","Patent","Citation Family Member"
"KR101498834","Patent","Citation Family Member"
"NO341219","Patent","Citation Family Member"
"NO344818","Patent","Citation Family Member"
"JP4361545","Patent","Citation Family Member"
"JP5028700","Patent","Citation Family Member"
"JP5872377","Patent","Citation Family Member"
"JP6185971","Patent","Citation Family Member"
"JP6975733","Patent","Citation Family Member"
"JP7443302","Patent","Citation Family Member"
"US8779105","Patent","Citation Family Member"
"US9084776","Patent","Citation Family Member"
"US9358289","Patent","Citation Family Member"
"US9387247","Patent","Citation Family Member"
"US9492539","Patent","Citation Family Member"
"US9492540","Patent","Citation Family Member"
"US10441655","Patent","Citation Family Member"
"RU2406760","Patent","Citation Family Member"
"RU2494107","Patent","Citation Family Member"
"RU2599417","Patent","Citation Family Member"
"RU2732924","Patent","Citation Family Member"
"DE602006037693","Patent","Citation Family Member"
"DE602006057528","Patent","Citation Family Member"
"CY2015057","Patent","Citation Family Member"
"LT2015052","Patent","Citation Family Member"
"HU1500067","Patent","Citation Family Member"
"NO2018008","Patent","Citation Family Member"
"NO2023031","Patent","Citation Family Member"
"LU92904","Patent","Citation Family Member"
"NL300782","Patent","Citation Family Member"
"LT2161336","Patent","Citation Family Member"
"PT2161336","Patent","Citation Family Member"
"LT2439273","Patent","Citation Family Member"
"PT2439273","Patent","Citation Family Member"
"CY1121648","Patent","Citation Family Member"
"SI2161336","Patent","Citation Family Member"
"CY1114506","Patent","Citation Family Member"
"SI2439273","Patent","Citation Family Member"
"HU044719","Patent","Citation Family Member"
"DK2161336","Patent","Citation Family Member"
"PL2161336","Patent","Citation Family Member"
"FI2161336","Patent","Citation Family Member"
"ES2427646","Patent","Citation Family Member"
"DK2439273","Patent","Citation Family Member"
"ES2720160","Patent","Citation Family Member"
"PL2439273","Patent","Citation Family Member"
"TR201907902","Patent","Citation Family Member"
"KR20080045674","Patent","Citation Family Member"
"NO20080590","Patent","Citation Family Member"
"CN101248089","Patent","Citation Family Member"
"ZA200710919","Patent","Citation Family Member"
"NZ564592","Patent","Citation Family Member"
"KR20140002041","Patent","Citation Family Member"
"CN104356236","Patent","Citation Family Member"
"KR20150082674","Patent","Citation Family Member"
"CN105330741","Patent","Citation Family Member"
"KR20170018085","Patent","Citation Family Member"
"IL188124","Patent","Citation Family Member"
"IL241092","Patent","Citation Family Member"
"MX2007015942","Patent","Citation Family Member"
"EA200800229","Patent","Citation Family Member"
"SG163554","Patent","Citation Family Member"
"SG196381","Patent","Citation Family Member"
"EP2982379","Patent","Citation Family Member"
"HK1117850","Patent","Citation Family Member"
"HR20080053","Patent","Citation Family Member"
"WO07005874","Patent","Citation Family Member"
"WO2007005874","Patent","Citation Family Member"
"EP1907424","Patent","Citation Family Member"
"BRPI0613361","Patent","Citation Family Member"
"JP2013150606","Patent","Citation Family Member"
"JP2016006123","Patent","Citation Family Member"
"JP2018027952","Patent","Citation Family Member"
"JP2020072712","Patent","Citation Family Member"
"JP2021182929","Patent","Citation Family Member"
"JP2023072038","Patent","Citation Family Member"
"JP2024174925","Patent","Citation Family Member"
"CA3018525","Patent","Citation Family Member"
"CA3201163","Patent","Citation Family Member"
"CA2612241","Patent","Citation Family Member"
"AU2006265108","Patent","Citation Family Member"
"US2009055944","Patent","Citation Family Member"
"US2011209230","Patent","Citation Family Member"
"US2013122014","Patent","Citation Family Member"
"US2015337038","Patent","Citation Family Member"
"US2016075782","Patent","Citation Family Member"
"US2016362495","Patent","Citation Family Member"
"US2017158767","Patent","Citation Family Member"
"US2020062848","Patent","Citation Family Member"
"US2023061544","Patent","Citation Family Member"
"ME02260","Patent","Citation Family Member"
"MX291940","Patent","Citation Family Member"
"IN294295","Patent","Citation Family Member"
"EA019344","Patent","Citation Family Member"
"KR101411165","Patent","Citation Family Member"
"RS54271","Patent","Citation Family Member"
"KR101607288","Patent","Citation Family Member"
"KR101704734","Patent","Citation Family Member"
"KR101888321","Patent","Citation Family Member"
"JP5252635","Patent","Citation Family Member"
"JP5848719","Patent","Citation Family Member"
"JP6684253","Patent","Citation Family Member"
"US7943743","Patent","Citation Family Member"
"US9102725","Patent","Citation Family Member"
"US9273135","Patent","Citation Family Member"
"US9546216","Patent","Citation Family Member"
"US9580507","Patent","Citation Family Member"
"US9580505","Patent","Citation Family Member"
"UA99701","Patent","Citation Family Member"
"DE602006046126","Patent","Citation Family Member"
"PT1907424","Patent","Citation Family Member"
"HR20151102","Patent","Citation Family Member"
"SI1907424","Patent","Citation Family Member"
"CY1116843","Patent","Citation Family Member"
"JP2008544755","Patent","Citation Family Member"
"HU026039","Patent","Citation Family Member"
"PL1907424","Patent","Citation Family Member"
"ES2546333","Patent","Citation Family Member"
"DK1907424","Patent","Citation Family Member"
"US2010055111","Patent","Citation Family Member"
"TW200911781","Patent","Citation Family Member"
"KR20090127949","Patent","Citation Family Member"
"CN101679356","Patent","Citation Family Member"
"ZA200906990","Patent","Citation Family Member"
"RU2009136593","Patent","Citation Family Member"
"NZ580126","Patent","Citation Family Member"
"CN103626739","Patent","Citation Family Member"
"IL201320","Patent","Citation Family Member"
"HK1139660","Patent","Citation Family Member"
"SG156088","Patent","Citation Family Member"
"MX2009010761","Patent","Citation Family Member"
"HK1193405","Patent","Citation Family Member"
"EP4074702","Patent","Citation Family Member"
"WO08122858","Patent","Citation Family Member"
"WO2008122858","Patent","Citation Family Member"
"JP2009019030","Patent","Citation Family Member"
"EP2134702","Patent","Citation Family Member"
"BRPI0809471","Patent","Citation Family Member"
"JP2014193900","Patent","Citation Family Member"
"EP3252047","Patent","Citation Family Member"
"EP4249063","Patent","Citation Family Member"
"AR065931","Patent","Citation Family Member"
"AU2008236444","Patent","Citation Family Member"
"CA2682859","Patent","Citation Family Member"
"US2010179329","Patent","Citation Family Member"
"MX298157","Patent","Citation Family Member"
"TWI481602","Patent","Citation Family Member"
"KR101237588","Patent","Citation Family Member"
"JP5869197","Patent","Citation Family Member"
"RU2518898","Patent","Citation Family Member"
"DE602008050468","Patent","Citation Family Member"
"DE602008064498","Patent","Citation Family Member"
"PT2134702","Patent","Citation Family Member"
"SI2134702","Patent","Citation Family Member"
"CY1119119","Patent","Citation Family Member"
"PL2134702","Patent","Citation Family Member"
"DK2134702","Patent","Citation Family Member"
"ES2634866","Patent","Citation Family Member"
"ES2919351","Patent","Citation Family Member"
"TR201711306","Patent","Citation Family Member"
"FI2134702","Patent","Citation Family Member"
"KR20100054780","Patent","Citation Family Member"
"ZA201000135","Patent","Citation Family Member"
"CN102131828","Patent","Citation Family Member"
"NZ582150","Patent","Citation Family Member"
"NZ600758","Patent","Citation Family Member"
"KR20140133954","Patent","Citation Family Member"
"KR20150055114","Patent","Citation Family Member"
"CN104945508","Patent","Citation Family Member"
"PH2015501524","Patent","Citation Family Member"
"IN201748044868","Patent","Citation Family Member"
"IL225530","Patent","Citation Family Member"
"IL202813","Patent","Citation Family Member"
"HK1179986","Patent","Citation Family Member"
"MX2009014199","Patent","Citation Family Member"
"EP2170959","Patent","Citation Family Member"
"EP2535354","Patent","Citation Family Member"
"HK1140497","Patent","Citation Family Member"
"EP3222634","Patent","Citation Family Member"
"HK1236209","Patent","Citation Family Member"
"JP2012254092","Patent","Citation Family Member"
"BRPI0812913","Patent","Citation Family Member"
"US2016304606","Patent","Citation Family Member"
"CA2855098","Patent","Citation Family Member"
"CA2691357","Patent","Citation Family Member"
"AU2008266951","Patent","Citation Family Member"
"US2013108651","Patent","Citation Family Member"
"US2013109843","Patent","Citation Family Member"
"AU2014201367","Patent","Citation Family Member"
"US2015232555","Patent","Citation Family Member"
"US2018111996","Patent","Citation Family Member"
"US2021403560","Patent","Citation Family Member"
"ME02093","Patent","Citation Family Member"
"MX304545","Patent","Citation Family Member"
"RS53072","Patent","Citation Family Member"
"IN292137","Patent","Citation Family Member"
"KR101562580","Patent","Citation Family Member"
"KR101586617","Patent","Citation Family Member"
"BR122017025062","Patent","Citation Family Member"
"JP5191537","Patent","Citation Family Member"
"JP5640052","Patent","Citation Family Member"
"US8952136","Patent","Citation Family Member"
"US11117961","Patent","Citation Family Member"
"DE602008027905","Patent","Citation Family Member"
"DE602008048425","Patent","Citation Family Member"
"NO2015028","Patent","Citation Family Member"
"NL300788","Patent","Citation Family Member"
"CY2015058","Patent","Citation Family Member"
"HU1500071","Patent","Citation Family Member"
"LT2016001","Patent","Citation Family Member"
"NO2022040","Patent","Citation Family Member"
"LU92936","Patent","Citation Family Member"
"LT2170959","Patent","Citation Family Member"
"PT2170959","Patent","Citation Family Member"
"HR20131167","Patent","Citation Family Member"
"SI2170959","Patent","Citation Family Member"
"CY1114849","Patent","Citation Family Member"
"JP2010530753","Patent","Citation Family Member"
"DK2170959","Patent","Citation Family Member"
"PL2170959","Patent","Citation Family Member"
"ES2437327","Patent","Citation Family Member"
"ES2616355","Patent","Citation Family Member"
"TR201703802","Patent","Citation Family Member"
"WO09114335","Patent","Citation Family Member"
"WO2009114335","Patent","Citation Family Member"
"EP2262837","Patent","Citation Family Member"
"US2011008369","Patent","Citation Family Member"
"US2010055102","Patent","Citation Family Member"
"WO10027423","Patent","Citation Family Member"
"WO2010027423","Patent","Citation Family Member"
"WO10027828","Patent","Citation Family Member"
"WO2010027828","Patent","Citation Family Member"
"WO10098788","Patent","Citation Family Member"
"WO2010098788","Patent","Citation Family Member"
"AU2009288289","Patent","Citation Family Member"
"AU2009288730","Patent","Citation Family Member"
"CA2735006","Patent","Citation Family Member"
"CA2734908","Patent","Citation Family Member"
"EP2324055","Patent","Citation Family Member"
"EP2328919","Patent","Citation Family Member"
"EP2328920","Patent","Citation Family Member"
"IL211299","Patent","Citation Family Member"
"US2011159023","Patent","Citation Family Member"
"EP2350129","Patent","Citation Family Member"
"US2011195068","Patent","Citation Family Member"
"US2011223188","Patent","Citation Family Member"
"PE04352011","Patent","Citation Family Member"
"MA32646","Patent","Citation Family Member"
"CN102203132","Patent","Citation Family Member"
"CN102203125","Patent","Citation Family Member"
"EA201170373","Patent","Citation Family Member"
"JP2012500652","Patent","Citation Family Member"
"JP2012500847","Patent","Citation Family Member"
"CO6341574","Patent","Citation Family Member"
"US8114845","Patent","Citation Family Member"
"JP2012500855","Patent","Citation Family Member"
"EA201170375","Patent","Citation Family Member"
"US2012114648","Patent","Citation Family Member"
"US2012114649","Patent","Citation Family Member"
"JP2012510429","Patent","Citation Family Member"
"NZ591130","Patent","Citation Family Member"
"US2013230514","Patent","Citation Family Member"
"KR20110050529","Patent","Citation Family Member"
"AU2013227994","Patent","Citation Family Member"
"EP2662383","Patent","Citation Family Member"
"US8609089","Patent","Citation Family Member"
"US8709416","Patent","Citation Family Member"
"US2014227262","Patent","Citation Family Member"
"KR20110074850","Patent","Citation Family Member"
"CN104740610","Patent","Citation Family Member"
"JP2015129172","Patent","Citation Family Member"
"DK2350129","Patent","Citation Family Member"
"ES2545609","Patent","Citation Family Member"
"EP2927240","Patent","Citation Family Member"
"HR20150933","Patent","Citation Family Member"
"JP5798919","Patent","Citation Family Member"
"SMT201500212","Patent","Citation Family Member"
"PT2350129","Patent","Citation Family Member"
"BRPI0917320","Patent","Citation Family Member"
"EA201500417","Patent","Citation Family Member"
"SI2350129","Patent","Citation Family Member"
"BRPI0917891","Patent","Citation Family Member"
"RS54233","Patent","Citation Family Member"
"DOP2011000059","Patent","Citation Family Member"
"CL2011000423","Patent","Citation Family Member"
"DE602009031692","Patent","Citation Family Member"
"EA023148","Patent","Citation Family Member"
"UA106050","Patent","Citation Family Member"
"ZA201101119","Patent","Citation Family Member"
"ZA201101120","Patent","Citation Family Member"
"ZA201107552","Patent","Citation Family Member"
"HU027525","Patent","Citation Family Member"
"CY1116816","Patent","Citation Family Member"
"TR201511141","Patent","Citation Family Member"
"HK1159662","Patent","Citation Family Member"
"PE20110435","Patent","Citation Family Member"
"PL2350129","Patent","Citation Family Member"
"MX314771","Patent","Citation Family Member"
"MX308407","Patent","Citation Family Member"
"MX2011002250","Patent","Citation Family Member"
"MX2011002252","Patent","Citation Family Member"
"IL211298","Patent","Citation Family Member"
"US2010203056","Patent","Citation Family Member"
"TW201032822","Patent","Citation Family Member"
"AR074563","Patent","Citation Family Member"
"AU2009333580","Patent","Citation Family Member"
"EP2376535","Patent","Citation Family Member"
"CN102245640","Patent","Citation Family Member"
"CR20110316","Patent","Citation Family Member"
"MA32948","Patent","Citation Family Member"
"CO6390023","Patent","Citation Family Member"
"JP2012511329","Patent","Citation Family Member"
"PE03412012","Patent","Citation Family Member"
"US8217149","Patent","Citation Family Member"
"RU2011128399","Patent","Citation Family Member"
"US2013045200","Patent","Citation Family Member"
"US2013045201","Patent","Citation Family Member"
"US2013045202","Patent","Citation Family Member"
"NZ592119","Patent","Citation Family Member"
"TH123702","Patent","Citation Family Member"
"TWI419705","Patent","Citation Family Member"
"US2014065135","Patent","Citation Family Member"
"KR20110092300","Patent","Citation Family Member"
"PE17222014","Patent","Citation Family Member"
"CN104479018","Patent","Citation Family Member"
"JP5681638","Patent","Citation Family Member"
"JP2015091260","Patent","Citation Family Member"
"UA109108","Patent","Citation Family Member"
"US2015322153","Patent","Citation Family Member"
"MX2011005853","Patent","Citation Family Member"
"SG172059","Patent","Citation Family Member"
"BRPI0917592","Patent","Citation Family Member"
"SG2014001614","Patent","Citation Family Member"
"HK1207387","Patent","Citation Family Member"
"SG196798","Patent","Citation Family Member"
"AU2016203867","Patent","Citation Family Member"
"US2016222117","Patent","Citation Family Member"
"ZA201102417","Patent","Citation Family Member"
"IN201648006749","Patent","Citation Family Member"
"US2017107287","Patent","Citation Family Member"
"MX342591","Patent","Citation Family Member"
"DK2376535","Patent","Citation Family Member"
"LT2376535","Patent","Citation Family Member"
"ES2628095","Patent","Citation Family Member"
"SI2376535","Patent","Citation Family Member"
"JP6178349","Patent","Citation Family Member"
"JP2017136085","Patent","Citation Family Member"
"TR201708628","Patent","Citation Family Member"
"VN17138","Patent","Citation Family Member"
"PT2376535","Patent","Citation Family Member"
"CR20160570","Patent","Citation Family Member"
"KR101782570","Patent","Citation Family Member"
"HR20170908","Patent","Citation Family Member"
"PL2376535","Patent","Citation Family Member"
"KR20170113681","Patent","Citation Family Member"
"RU2636023","Patent","Citation Family Member"
"NZ717213","Patent","Citation Family Member"
"EP3255060","Patent","Citation Family Member"
"SG10201708690S","Patent","Citation Family Member"
"HU1700049","Patent","Citation Family Member"
"LT2017041","Patent","Citation Family Member"
"CY1118943","Patent","Citation Family Member"
"NO2018006","Patent","Citation Family Member"
"US9920123","Patent","Citation Family Member"
"NL300914","Patent","Citation Family Member"
"AU2018203226","Patent","Citation Family Member"
"IN297982","Patent","Citation Family Member"
"KR20180089573","Patent","Citation Family Member"
"HK1163130","Patent","Citation Family Member"
"MX356367","Patent","Citation Family Member"
"HK1247621","Patent","Citation Family Member"
"CN108997498","Patent","Citation Family Member"
"US2019016807","Patent","Citation Family Member"
"RU2017132160","Patent","Citation Family Member"
"EP3447073","Patent","Citation Family Member"
"CL57031","Patent","Citation Family Member"
"CL2011001382","Patent","Citation Family Member"
"LUC00051","Patent","Citation Family Member"
"JP6509935","Patent","Citation Family Member"
"KR20190069615","Patent","Citation Family Member"
"PE20120341","Patent","Citation Family Member"
"PE20141722","Patent","Citation Family Member"
"IN202048003955","Patent","Citation Family Member"
"HK40001247","Patent","Citation Family Member"
"KR20200047793","Patent","Citation Family Member"
"AU2020204593","Patent","Citation Family Member"
"ECSP11011115","Patent","Citation Family Member"
"US2021032345","Patent","Citation Family Member"
"DE602009045399","Patent","Citation Family Member"
"KR20210060670","Patent","Citation Family Member"
"CA3120172","Patent","Citation Family Member"
"CA2740806","Patent","Citation Family Member"
"AR118559","Patent","Citation Family Member"
"EP3929216","Patent","Citation Family Member"
"HU034832","Patent","Citation Family Member"
"KR20220047668","Patent","Citation Family Member"
"CN114835812","Patent","Citation Family Member"
"IL263931","Patent","Citation Family Member"
"HK40077717","Patent","Citation Family Member"
"VN94136","Patent","Citation Family Member"
"EP4169951","Patent","Citation Family Member"
"IN202348025958","Patent","Citation Family Member"
"KR20230070055","Patent","Citation Family Member"
"EP4209510","Patent","Citation Family Member"
"TH94356","Patent","Citation Family Member"
"MY188826","Patent","Citation Family Member"
"US2023287127","Patent","Citation Family Member"
"HK40093259","Patent","Citation Family Member"
"AU2024200864","Patent","Citation Family Member"
"EP4331604","Patent","Citation Family Member"
"SG10202303577R","Patent","Citation Family Member"
"LT4209510","Patent","Citation Family Member"
"FI4209510","Patent","Citation Family Member"
"DE602009065187","Patent","Citation Family Member"
"TR2024003149","Patent","Citation Family Member"
"DK4209510","Patent","Citation Family Member"
"SI4209510","Patent","Citation Family Member"
"HR20240240","Patent","Citation Family Member"
"PT4209510","Patent","Citation Family Member"
"PL4209510","Patent","Citation Family Member"
"MK13462","Patent","Citation Family Member"
"KR20240093808","Patent","Citation Family Member"
"ES2974437","Patent","Citation Family Member"
"HU065752","Patent","Citation Family Member"
"HU2400018","Patent","Citation Family Member"
"HK40106048","Patent","Citation Family Member"
"HU2400020","Patent","Citation Family Member"
"SMT201700311","Patent","Citation Family Member"
"SMT202400136","Patent","Citation Family Member"
"CY2017043","Patent","Citation Family Member"
"DE602009065480","Patent","Citation Family Member"
"FI4331604","Patent","Citation Family Member"
"HR20250296","Patent","Citation Family Member"
"PT4331604","Patent","Citation Family Member"
"PL4331604","Patent","Citation Family Member"
"CY2024018","Patent","Citation Family Member"
"TR2025004367","Patent","Citation Family Member"
"CY1126882","Patent","Citation Family Member"
"LT4331604","Patent","Citation Family Member"
"SMT202500126","Patent","Citation Family Member"
"ES3019734","Patent","Citation Family Member"
"DK4331604","Patent","Citation Family Member"
"SI4331604","Patent","Citation Family Member"
"KR20250091300","Patent","Citation Family Member"
"MK14117","Patent","Citation Family Member"
"HU070712","Patent","Citation Family Member"
"NO2025026","Patent","Citation Family Member"
"EP4591881","Patent","Citation Family Member"
"NO2025030","Patent","Citation Family Member"
"FIC20240020","Patent","Citation Family Member"
"FIC20250022","Patent","Citation Family Member"
"HU2500027","Patent","Citation Family Member"
"LT2024519","Patent","Citation Family Member"
"LT2025523","Patent","Citation Family Member"
"JP2019122409","Patent","Citation Family Member"
"JP2022033884","Patent","Citation Family Member"
"US2025382370","Patent","Citation Family Member"
"VN10054984","Patent","Citation Family Member"
"IL325489","Patent","Citation Family Member"
"TW202617779","Patent","Citation Family Member"
"JP7332671","Patent","Citation Family Member"
"IL213353","Patent","Citation Family Member"
"IL249127","Patent","Citation Family Member"
"IL278007","Patent","Citation Family Member"
"TW202417499","Patent","Citation Family Member"
"TWI686405","Patent","Citation Family Member"
"TW201417828","Patent","Citation Family Member"
"TW201712034","Patent","Citation Family Member"
"TWI605828","Patent","Citation Family Member"
"TW202026311","Patent","Citation Family Member"
"TWI729512","Patent","Citation Family Member"
"TW202206454","Patent","Citation Family Member"
"TW202442680","Patent","Citation Family Member"
"TW202517680","Patent","Citation Family Member"
"TW202544041","Patent","Citation Family Member"
"JP2026098928","Patent","Citation Family Member"
"JP2023154034","Patent","Citation Family Member"
"EP2504028","Patent","Citation Family Member"
"US2013017199","Patent","Citation Family Member"
"JP2013512251","Patent","Citation Family Member"
"WO11110604","Patent","Citation Family Member"
"WO2011110604","Patent","Citation Family Member"
"CA2791930","Patent","Citation Family Member"
"EP2545078","Patent","Citation Family Member"
"CN102892786","Patent","Citation Family Member"
"US2013095098","Patent","Citation Family Member"
"JP2013521768","Patent","Citation Family Member"
"JP5920929","Patent","Citation Family Member"
"CN103429264","Patent","Citation Family Member"
"EP2691112","Patent","Citation Family Member"
"KR20140026434","Patent","Citation Family Member"
"JP2014515017","Patent","Citation Family Member"
"US2014234296","Patent","Citation Family Member"
"RU2013148537","Patent","Citation Family Member"
"RU2563346","Patent","Citation Family Member"
"RU2015123476","Patent","Citation Family Member"
"AU2012236479","Patent","Citation Family Member"
"JP6014116","Patent","Citation Family Member"
"MX341076","Patent","Citation Family Member"
"RU2633509","Patent","Citation Family Member"
"CN107854439","Patent","Citation Family Member"
"ES2676205","Patent","Citation Family Member"
"DK2691112","Patent","Citation Family Member"
"LT2691112","Patent","Citation Family Member"
"TR201810298","Patent","Citation Family Member"
"SI2691112","Patent","Citation Family Member"
"HR20181139","Patent","Citation Family Member"
"PL2691112","Patent","Citation Family Member"
"EP3398612","Patent","Citation Family Member"
"RS57492","Patent","Citation Family Member"
"HU039209","Patent","Citation Family Member"
"CY1120359","Patent","Citation Family Member"
"HK1256245","Patent","Citation Family Member"
"KR102031020","Patent","Citation Family Member"
"KR20190116563","Patent","Citation Family Member"
"PT2691112","Patent","Citation Family Member"
"CA2830806","Patent","Citation Family Member"
"KR20210008149","Patent","Citation Family Member"
"DE602012046639","Patent","Citation Family Member"
"KR102289394","Patent","Citation Family Member"
"KR20210101336","Patent","Citation Family Member"
"MX2013011246","Patent","Citation Family Member"
"KR102614259","Patent","Citation Family Member"
"EP4729071","Patent","Citation Family Member"
"TW201318638","Patent","Citation Family Member"
"CO6900118","Patent","Citation Family Member"
"AR087405","Patent","Citation Family Member"
"KR20140063643","Patent","Citation Family Member"
"CN103842030","Patent","Citation Family Member"
"EP2739358","Patent","Citation Family Member"
"EA201490369","Patent","Citation Family Member"
"CR20140034","Patent","Citation Family Member"
"JP2014525918","Patent","Citation Family Member"
"US2014341902","Patent","Citation Family Member"
"MA35366","Patent","Citation Family Member"
"PE16932014","Patent","Citation Family Member"
"AU2012290121","Patent","Citation Family Member"
"AU2016201086","Patent","Citation Family Member"
"NZ620411","Patent","Citation Family Member"
"SG10201606284U","Patent","Citation Family Member"
"BR112014002353","Patent","Citation Family Member"
"EA026924","Patent","Citation Family Member"
"US9724413","Patent","Citation Family Member"
"JP6238459","Patent","Citation Family Member"
"US2018021431","Patent","Citation Family Member"
"AU2018200559","Patent","Citation Family Member"
"UA117220","Patent","Citation Family Member"
"HK1193366","Patent","Citation Family Member"
"HK1196321","Patent","Citation Family Member"
"TR201820873","Patent","Citation Family Member"
"TH183498","Patent","Citation Family Member"
"TWI654994","Patent","Citation Family Member"
"ES2708669","Patent","Citation Family Member"
"PL2739358","Patent","Citation Family Member"
"PH2018500365","Patent","Citation Family Member"
"AU2019206076","Patent","Citation Family Member"
"PE20141693","Patent","Citation Family Member"
"KR102049817","Patent","Citation Family Member"
"KR20190133790","Patent","Citation Family Member"
"PE20190262","Patent","Citation Family Member"
"MX368257","Patent","Citation Family Member"
"US10646567","Patent","Citation Family Member"
"ECSP14013223","Patent","Citation Family Member"
"DE602012054070","Patent","Citation Family Member"
"MX2014001319","Patent","Citation Family Member"
"MX2019011424","Patent","Citation Family Member"
"MY170117","Patent","Citation Family Member"
"BR122022000334","Patent","Citation Family Member"
"CA2843595","Patent","Citation Family Member"
"AR122743","Patent","Citation Family Member"
"MY193562","Patent","Citation Family Member"
"VN94575","Patent","Citation Family Member"
"IL274059","Patent","Citation Family Member"
"IL230647","Patent","Citation Family Member"
"JP2019196357","Patent","Citation Family Member"
"JP6762274","Patent","Citation Family Member"
"ZA201400612","Patent","Citation Family Member"
"TW201840336","Patent","Citation Family Member"
"TW202114735","Patent","Citation Family Member"
"TW202216199","Patent","Citation Family Member"
"TWI835048","Patent","Citation Family Member"
"PH2014500270","Patent","Citation Family Member"
"JP2018008963","Patent","Citation Family Member"
"US2013295110","Patent","Citation Family Member"
"TW201348447","Patent","Citation Family Member"
"KR20150003911","Patent","Citation Family Member"
"CN104284674","Patent","Citation Family Member"
"AR090941","Patent","Citation Family Member"
"PE24062014","Patent","Citation Family Member"
"EP2844282","Patent","Citation Family Member"
"CO7111302","Patent","Citation Family Member"
"US9066898","Patent","Citation Family Member"
"JP2015517460","Patent","Citation Family Member"
"US2015246106","Patent","Citation Family Member"
"TWI513820","Patent","Citation Family Member"
"HK1205940","Patent","Citation Family Member"
"AU2013255511","Patent","Citation Family Member"
"CN105457021","Patent","Citation Family Member"
"AU2016202651","Patent","Citation Family Member"
"RU2014144133","Patent","Citation Family Member"
"SG10201603896R","Patent","Citation Family Member"
"PH2014502438","Patent","Citation Family Member"
"NZ701324","Patent","Citation Family Member"
"US9468672","Patent","Citation Family Member"
"US2016375115","Patent","Citation Family Member"
"RU2609651","Patent","Citation Family Member"
"KR101728483","Patent","Citation Family Member"
"KR20170045363","Patent","Citation Family Member"
"SG11201406592Q","Patent","Citation Family Member"
"AU2018200483","Patent","Citation Family Member"
"BR112014027128","Patent","Citation Family Member"
"CN107746852","Patent","Citation Family Member"
"ZA201407371","Patent","Citation Family Member"
"JP6434905","Patent","Citation Family Member"
"RU2017101868","Patent","Citation Family Member"
"MX359257","Patent","Citation Family Member"
"HK1251613","Patent","Citation Family Member"
"IN201818045673","Patent","Citation Family Member"
"US2019038728","Patent","Citation Family Member"
"KR101971807","Patent","Citation Family Member"
"KR20190042760","Patent","Citation Family Member"
"DK2844282","Patent","Citation Family Member"
"SI2844282","Patent","Citation Family Member"
"TR201911899","Patent","Citation Family Member"
"EP3563865","Patent","Citation Family Member"
"PE20142406","Patent","Citation Family Member"
"HU044612","Patent","Citation Family Member"
"PT2844282","Patent","Citation Family Member"
"NZ741742","Patent","Citation Family Member"
"NZ741667","Patent","Citation Family Member"
"PL2844282","Patent","Citation Family Member"
"ES2737023","Patent","Citation Family Member"
"KR102125658","Patent","Citation Family Member"
"KR20200075023","Patent","Citation Family Member"
"RU2737765","Patent","Citation Family Member"
"DE602013056511","Patent","Citation Family Member"
"MX376234","Patent","Citation Family Member"
"MX376235","Patent","Citation Family Member"
"US11110158","Patent","Citation Family Member"
"MX2014013366","Patent","Citation Family Member"
"JP6738879","Patent","Citation Family Member"
"CA2871711","Patent","Citation Family Member"
"IL255938","Patent","Citation Family Member"
"IL263042","Patent","Citation Family Member"
"IL235501","Patent","Citation Family Member"
"TWI581804","Patent","Citation Family Member"
"TWI643870","Patent","Citation Family Member"
"TW201909911","Patent","Citation Family Member"
"TWI710375","Patent","Citation Family Member"
"TW201601757","Patent","Citation Family Member"
"TW201718634","Patent","Citation Family Member"
"JP2019054804","Patent","Citation Family Member"
"CN104271601","Patent","Citation Family Member"
"KR20150027135","Patent","Citation Family Member"
"AR091220","Patent","Citation Family Member"
"EP2855528","Patent","Citation Family Member"
"JP2015519372","Patent","Citation Family Member"
"HK1200857","Patent","Citation Family Member"
"US2015320859","Patent","Citation Family Member"
"SG10201603055W","Patent","Citation Family Member"
"RU2014147867","Patent","Citation Family Member"
"SG11201407859Y","Patent","Citation Family Member"
"AU2013267267","Patent","Citation Family Member"
"AU2018200449","Patent","Citation Family Member"
"US9895441","Patent","Citation Family Member"
"BR112014029887","Patent","Citation Family Member"
"NZ721522","Patent","Citation Family Member"
"JP6312659","Patent","Citation Family Member"
"JP2018109002","Patent","Citation Family Member"
"US2018236066","Patent","Citation Family Member"
"RU2689760","Patent","Citation Family Member"
"MX363872","Patent","Citation Family Member"
"TR201911864","Patent","Citation Family Member"
"EP3556776","Patent","Citation Family Member"
"PL2855528","Patent","Citation Family Member"
"ES2742379","Patent","Citation Family Member"
"AU2020202203","Patent","Citation Family Member"
"KR102129636","Patent","Citation Family Member"
"KR20200079568","Patent","Citation Family Member"
"DE602013056780","Patent","Citation Family Member"
"MX2014014485","Patent","Citation Family Member"
"ZA201408852","Patent","Citation Family Member"
"MY186099","Patent","Citation Family Member"
"US2022362378","Patent","Citation Family Member"
"MX2019003942","Patent","Citation Family Member"
"CA2874144","Patent","Citation Family Member"
"IL272687","Patent","Citation Family Member"
"IL235779","Patent","Citation Family Member"
"JP2020033355","Patent","Citation Family Member"
"KR20160070188","Patent","Citation Family Member"
"AU2013404949","Patent","Citation Family Member"
"CN105873440","Patent","Citation Family Member"
"EP3065549","Patent","Citation Family Member"
"JP2017500371","Patent","Citation Family Member"
"CN108464981","Patent","Citation Family Member"
"HK1228670","Patent","Citation Family Member"
"AU2019200261","Patent","Citation Family Member"
"JP6568093","Patent","Citation Family Member"
"AU2021200113","Patent","Citation Family Member"
"KR20210063475","Patent","Citation Family Member"
"JP6945587","Patent","Citation Family Member"
"CA2929715","Patent","Citation Family Member"
"JP2019131610","Patent","Citation Family Member"
"JP2022023033","Patent","Citation Family Member"
"US2015210769","Patent","Citation Family Member"
"WO15112900","Patent","Citation Family Member"
"WO2015112900","Patent","Citation Family Member"
"TW201536808","Patent","Citation Family Member"
"UY35967","Patent","Citation Family Member"
"KR20160110995","Patent","Citation Family Member"
"CN106103485","Patent","Citation Family Member"
"EP3097121","Patent","Citation Family Member"
"IN201617028870","Patent","Citation Family Member"
"PH2016501456","Patent","Citation Family Member"
"JP2017506067","Patent","Citation Family Member"
"EA201691488","Patent","Citation Family Member"
"CL2016001723","Patent","Citation Family Member"
"PE02552017","Patent","Citation Family Member"
"CO20160000985","Patent","Citation Family Member"
"AR099389","Patent","Citation Family Member"
"SG11201604939S","Patent","Citation Family Member"
"US2017247456","Patent","Citation Family Member"
"ID201710091","Patent","Citation Family Member"
"US9815898","Patent","Citation Family Member"
"BR112016015677","Patent","Citation Family Member"
"US2018155427","Patent","Citation Family Member"
"TN2016000272","Patent","Citation Family Member"
"HK1225747","Patent","Citation Family Member"
"JP2018162306","Patent","Citation Family Member"
"DE602015021815","Patent","Citation Family Member"
"MA39208","Patent","Citation Family Member"
"SG10201900002Q","Patent","Citation Family Member"
"DK3097121","Patent","Citation Family Member"
"TR201904056","Patent","Citation Family Member"
"HR20190516","Patent","Citation Family Member"
"RS58535","Patent","Citation Family Member"
"LT3097121","Patent","Citation Family Member"
"JP6518370","Patent","Citation Family Member"
"JP6521986","Patent","Citation Family Member"
"SI3097121","Patent","Citation Family Member"
"ES2716685","Patent","Citation Family Member"
"PL3097121","Patent","Citation Family Member"
"EP3514179","Patent","Citation Family Member"
"HU043363","Patent","Citation Family Member"
"PT3097121","Patent","Citation Family Member"
"PE20170255","Patent","Citation Family Member"
"TWI692484","Patent","Citation Family Member"
"AU2020204366","Patent","Citation Family Member"
"AU2015209145","Patent","Citation Family Member"
"US10752687","Patent","Citation Family Member"
"US2020339689","Patent","Citation Family Member"
"CN111909269","Patent","Citation Family Member"
"CN111909270","Patent","Citation Family Member"
"IL246382","Patent","Citation Family Member"
"UA122479","Patent","Citation Family Member"
"ECSP16068976","Patent","Citation Family Member"
"ME03366","Patent","Citation Family Member"
"ID64515","Patent","Citation Family Member"
"TH1601004226","Patent","Citation Family Member"
"MX375683","Patent","Citation Family Member"
"HK40007040","Patent","Citation Family Member"
"KR102357621","Patent","Citation Family Member"
"MY184757","Patent","Citation Family Member"
"VN10033435","Patent","Citation Family Member"
"MX2020001909","Patent","Citation Family Member"
"VN91608","Patent","Citation Family Member"
"DE602015081489","Patent","Citation Family Member"
"JO20200094","Patent","Citation Family Member"
"CL65445","Patent","Citation Family Member"
"NZ721678","Patent","Citation Family Member"
"CA2935423","Patent","Citation Family Member"
"US11827704","Patent","Citation Family Member"
"CY1121542","Patent","Citation Family Member"
"US2025066479","Patent","Citation Family Member"
"MX2016009616","Patent","Citation Family Member"
"JP2019193628","Patent","Citation Family Member"
"IL278803","Patent","Citation Family Member"
"TW202045549","Patent","Citation Family Member"
"TW202237655","Patent","Citation Family Member"
"US2015246033","Patent","Citation Family Member"
"US2017209428","Patent","Citation Family Member"
"US2019091217","Patent","Citation Family Member"
"US2016038467","Patent","Citation Family Member"
"WO16022813","Patent","Citation Family Member"
"WO2016022813","Patent","Citation Family Member"
"WO16069727","Patent","Citation Family Member"
"WO2016069727","Patent","Citation Family Member"
"US2016152715","Patent","Citation Family Member"
"TW201628653","Patent","Citation Family Member"
"SG11201702723V","Patent","Citation Family Member"
"KR20170074962","Patent","Citation Family Member"
"EP3212670","Patent","Citation Family Member"
"EA201790926","Patent","Citation Family Member"
"JP2017533912","Patent","Citation Family Member"
"CN107567336","Patent","Citation Family Member"
"BR112017008914","Patent","Citation Family Member"
"US2018094067","Patent","Citation Family Member"
"HK1242716","Patent","Citation Family Member"
"US10221244","Patent","Citation Family Member"
"US2019202921","Patent","Citation Family Member"
"SG10201910227R","Patent","Citation Family Member"
"US10618967","Patent","Citation Family Member"
"US2020299392","Patent","Citation Family Member"
"EA036261","Patent","Citation Family Member"
"TWI711463","Patent","Citation Family Member"
"LT3212670","Patent","Citation Family Member"
"PT3212670","Patent","Citation Family Member"
"DE602015063888","Patent","Citation Family Member"
"DK3212670","Patent","Citation Family Member"
"SI3212670","Patent","Citation Family Member"
"TR2021005171","Patent","Citation Family Member"
"HR20210440","Patent","Citation Family Member"
"RS61602","Patent","Citation Family Member"
"EP3835323","Patent","Citation Family Member"
"AU2015339306","Patent","Citation Family Member"
"JP6920989","Patent","Citation Family Member"
"MX381046","Patent","Citation Family Member"
"ES2851390","Patent","Citation Family Member"
"HU054012","Patent","Citation Family Member"
"PL3212670","Patent","Citation Family Member"
"MK11866","Patent","Citation Family Member"
"US11566076","Patent","Citation Family Member"
"US2023212299","Patent","Citation Family Member"
"CY1123957","Patent","Citation Family Member"
"KR102636539","Patent","Citation Family Member"
"SMT202100164","Patent","Citation Family Member"
"CA2963147","Patent","Citation Family Member"
"IL251464","Patent","Citation Family Member"
"MX2017005553","Patent","Citation Family Member"
"ZA201702382","Patent","Citation Family Member"
"JP2020186243","Patent","Citation Family Member"
"JP2023052067","Patent","Citation Family Member"
"KR20130030181","Patent","Citation Family Member"
"KR20130030232","Patent","Citation Family Member"
"KR20130110122","Patent","Citation Family Member"
"KR20130111501","Patent","Citation Family Member"
"KR20130113400","Patent","Citation Family Member"
"CN103988509","Patent","Citation Family Member"
"KR20180083287","Patent","Citation Family Member"
"KR20180083288","Patent","Citation Family Member"
"KR20180083289","Patent","Citation Family Member"
"CN108366266","Patent","Citation Family Member"
"CN108366269","Patent","Citation Family Member"
"CN108377395","Patent","Citation Family Member"
"CN108391124","Patent","Citation Family Member"
"CN108391138","Patent","Citation Family Member"
"KR20190058426","Patent","Citation Family Member"
"IN201918026392","Patent","Citation Family Member"
"KR20200057692","Patent","Citation Family Member"
"IN202018029945","Patent","Citation Family Member"
"KR20210046621","Patent","Citation Family Member"
"KR20220017460","Patent","Citation Family Member"
"KR20230008661","Patent","Citation Family Member"
"KR20230150929","Patent","Citation Family Member"
"KR20250008830","Patent","Citation Family Member"
"EP3258692","Patent","Citation Family Member"
"EP3637774","Patent","Citation Family Member"
"WO13039356","Patent","Citation Family Member"
"WO2013039356","Patent","Citation Family Member"
"EP2757784","Patent","Citation Family Member"
"JP2016174428","Patent","Citation Family Member"
"BR112014006320","Patent","Citation Family Member"
"JP2018152901","Patent","Citation Family Member"
"JP2018152902","Patent","Citation Family Member"
"JP2018152904","Patent","Citation Family Member"
"JP2018152905","Patent","Citation Family Member"
"JP2018152903","Patent","Citation Family Member"
"JP2021036718","Patent","Citation Family Member"
"JP2024026898","Patent","Citation Family Member"
"EP4336831","Patent","Citation Family Member"
"JP2025147221","Patent","Citation Family Member"
"CA2994625","Patent","Citation Family Member"
"CA2994615","Patent","Citation Family Member"
"CA2994619","Patent","Citation Family Member"
"CA2994621","Patent","Citation Family Member"
"CA2994623","Patent","Citation Family Member"
"CA3114709","Patent","Citation Family Member"
"CA3214829","Patent","Citation Family Member"
"CA2849004","Patent","Citation Family Member"
"US2014348241","Patent","Citation Family Member"
"US2016360229","Patent","Citation Family Member"
"US2016366436","Patent","Citation Family Member"
"US2019110066","Patent","Citation Family Member"
"US2019110067","Patent","Citation Family Member"
"US2019110068","Patent","Citation Family Member"
"US2020344490","Patent","Citation Family Member"
"US2024098302","Patent","Citation Family Member"
"US2025071320","Patent","Citation Family Member"
"IN422225","Patent","Citation Family Member"
"IN478988","Patent","Citation Family Member"
"KR101419011","Patent","Citation Family Member"
"KR101419012","Patent","Citation Family Member"
"KR101879446","Patent","Citation Family Member"
"KR101879447","Patent","Citation Family Member"
"KR101973487","Patent","Citation Family Member"
"KR101983124","Patent","Citation Family Member"
"KR101983123","Patent","Citation Family Member"
"KR102115003","Patent","Citation Family Member"
"KR102244085","Patent","Citation Family Member"
"KR102357774","Patent","Citation Family Member"
"BR122014015724","Patent","Citation Family Member"
"KR102482553","Patent","Citation Family Member"
"KR102594969","Patent","Citation Family Member"
"KR102749028","Patent","Citation Family Member"
"JP6046142","Patent","Citation Family Member"
"JP6416156","Patent","Citation Family Member"
"JP6855411","Patent","Citation Family Member"
"JP6855412","Patent","Citation Family Member"
"JP6855413","Patent","Citation Family Member"
"JP6855414","Patent","Citation Family Member"
"JP7699918","Patent","Citation Family Member"
"JP7727024","Patent","Citation Family Member"
"US9451281","Patent","Citation Family Member"
"US10194167","Patent","Citation Family Member"
"US10194168","Patent","Citation Family Member"
"US10708615","Patent","Citation Family Member"
"US10743022","Patent","Citation Family Member"
"US11871031","Patent","Citation Family Member"
"DE602012066322","Patent","Citation Family Member"
"DE602012080330","Patent","Citation Family Member"
"JP2014526838","Patent","Citation Family Member"
"DK3258692","Patent","Citation Family Member"
"ES2970751","Patent","Citation Family Member"
"PL3637774","Patent","Citation Family Member"
"WO15088847","Patent","Citation Family Member"
"WO2015088847","Patent","Citation Family Member"
"EP3079699","Patent","Citation Family Member"
"Ahmadzadeh et al., Tumor antigen-specific CD8 T cells infiltrating the tumor express high levels of PD-1 and are functionally impaired, Blood, 114(8):1537-1544 (2009).","NPL","Study NPL"
"Atkins et al., Axitinib in Combination with Pembrolizumab in Patients with Advanced Renal Cell Carcinoma, presented at the European Society of Medical Oncology (ESM), Oct. 7-11, 2016, Copenhagen Denmark.","NPL","Study NPL"
"Atkins et al., Axitinib in Combination with Pembrolizumab in Patients with Advanced Renal Cell Cancer: a Non-Randomised, Open-Label, Dose-Finding, and Dose-Expansion Phase 1b Trial, The Lancel Oncology, 19(3):405-415 (2018).","NPL","Study NPL"
"Bai et al., A Guide to Rational Dosing of Monoclonal Antibodies, Clin. Pharmacokinet., 51(2):119-135 (2012).","NPL","Study NPL"
"Bailey et al., Immune Checkpoint Inhibitors as Novel Targets for Renal Cell Carcinoma Therapeutics, The Cancer Journal, 19(4):348-352 (2013).","NPL","Study NPL"
"Choueiri et al., Trial in Progress: Phase 1b Dose-Finding Study of Axitinib Plus Pembrolizumab for First-Line Treatment of Advanced Renal Cell Carcinoma (RCC), BJU International, 114(Supp. 4):4-5 (Oct. 2014).","NPL","Study NPL"
"Clinical Trial NCT01472081, Nivolumab (BMS-936558; MDX-1106) in Combination with Sunitinib, Pazopanib, or Ipilimumab in Subjects with Metastatic Renal Cell Carcinoma (RCC) (CheckMate 016) (5 pages) (Study record version available online at clinicaltrials(dot)gov/ct2/history/NCT01472081 submitted Jun. 12, 2019).","NPL","Study NPL"
"Clinical Trial NCT01472081, Nivolumab (BMS-936558; MDX-1106) in Combination with Sunitinib, Pazopanib, or Ipilimumab in Subjects with Metastatic Renal Cell Carcinoma (RCC) (CheckMate 016) (12 pages) (Study record version available online at clinicaltrials(dot)gov/ct2/history/NCT01472081 submitted Jun. 12, 2019).","NPL","Study NPL"
"Clinical Trial NCT01984242, A Study of Atezolizumab (an Engineered Anti-Programmed Death-Ligand 1 [PD-L1] Antibody) as Monotherapy or in Combination with Bevacizumab (AvastinR) Compared to Sunitinib (SutentR) in Participants with Untreated Advanced Renal Cell Carcinoma (IMmotion150) (5 pages) (Study record version available online at clinicaltrials(dot)gov/ct2/history/NCT01984242 submitted Jun. 12, 2019).","NPL","Study NPL"
"Clinical Trial NCT02036502, A study of Pembrolizumab (MK-3475) in Combination with Standard of Care Treatments in Participants with Multiple Myeloma (MK-3475-023/Keynote-023) (5 pages) (Study record version available online at clinicaltrials(dot)gov/ct2/history/NCT02036502 submitted Apr. 24, 2018).","NPL","Study NPL"
"Clinical Trial NCT02036502, A study of Pembrolizumab (MK-3475) in Combination with Standard of Care Treatments in Participants with Multiple Myeloma (MK-3475-023/Keynote-023) (11 pages) (Study record version available online at ClinicalTrials(dot)gov archive (submitted Apr. 24, 2018).","NPL","Study NPL"
"Clinical Trial NCT02039674, A Study of Pembrolizumab (MK-3475) in Combination with Chemotherapy or Immunotherapy in Participants with Non-Small Cell Lung Cancer (MK-3475-021/Keynote-021) (5 pages) (Study record version available online at clinicaltrials(dot)gov/ct2/history/NCT02039674 submitted Jun. 12, 2019).","NPL","Study NPL"
"Clinical Trial NCT02039674, A Study of Pembrolizumab (MK-3475) in Combination with Chemotherapy or Immunotherapy in Participants with Non-Small Cell Lung Cancer (MK-3475-021/Keynote-021), (6 pages) (Study record version available online at clinicaltrials(dot)gov/ct2/history/NCT02039674 submitted Jan. 11, 2019).","NPL","Study NPL"
"Clinical Trial NCT02133742, A Dose Finding Study to Evaluate Safety, Drug Interaction, Tumor Markers of Axitinib in Combination with MK-3475 in Adult Patients with Previously Untreated Advanced Renal Cell Cancer (8 pages) (Study record version available online at clinicaltrials(dot)gov/ct2/history/NCT02133742 submitted Jun. 20, 2019).","NPL","Study NPL"
"Clinical Trial NCT02133742, A Dose Finding Study to Evaluate Safety, Drug Interaction, Tumor Markers of Axitinib in Combination with MK-3475 in Adult Patients with Previously Untreated Advanced Renal Cell Cancer (1 page) (Study record version available online at clinicaltrials(dot)gov/ct2/history/NCT02133742 submitted Jun. 20, 2019).","NPL","Study NPL"
"Clinical Trial NCT02331368, Phase 2 Multi-Center Study of Anti-PD-1 during Lymphopenic State after HDT/ASCT for Multiple Myeloma (4 pages) (Study record version available online at clinicaltrials(dot)gov/ct2/history/NCT02331368 submitted Jul. 2, 2018).","NPL","Study NPL"
"Clinical Trial NTC02014636, Safety and Efficacy Study of Pazopanib and MK 3475 in Advanced Renal Cell Carcinoma (RCC; Keynote-018) (6 pages) (Study record version available online at https:clinicaltrials(dot)gov/ct2/history/NCT02014636 submitted Apr. 26, 2019).","NPL","Study NPL"
"Clinical Trials: NCT02014636, A Phase 1/11 Study to Assess the Safety and Efficacy of Pazopanib and MK 34 75 in Subjects With Advanced Renal Cell Carcinoma, ClinicalTrials.gov (Jan. 24, 2014), pp. 1-11. Retrieved from the Internet URL: https//clinicaltrials.gov/archive/NCT02014636/2014_01_24 [retrieved on Mar. 31, 2015] (11 pages).","NPL","Study NPL"
"Clinical Trials: NCT02133742, A Phase 1 B, Open Label, Dose Finding Study to Evaluate Safety, Pharmacokinetics and Pharmacodynamics of Axitinib (AG-013736) in Combination With MK-34 75 in Patients With Advanced Renal Cell Cancer, ClinicalTrials.gov archive, (May 7, 2014), Retrieved from the Internet: URL:https:jjclinicaltrials.govjarchive/NCT 02133742/2014 05 07 [retrieved on-Mar. 30, 2015] (3 pages).","NPL","Study NPL"
"Clinical Trials: NCT02179918, A Phase 1 Study of the 4-1B Agonsit PF-05082566 in Combination with the PD-1 Inhibitor MK-3475 in Patients with Advanced Solidy Tumors, Clinical Trials.gov (Jul. 1, 2014), pp. 1-6. Retrieved from the Internet URL: https://clinicaltrials.gov/archive/NCT02179918/2014_07_01 (6 pages).","NPL","Study NPL"
"Czarnecka et al., The Activity of Tyrosine Kinase Inhibitors on Clear Cell Renal Cell Carcinoma Tumor Initiating Cells in Hypoxic Microenvironment, BJUI Supplements, The 11th International Kidney Cancer Symposium Annual Meeting Proceedings, 110(Supp1.2):1-20 (2012).","NPL","Study NPL"
"Domblides et al., Emerging Antiangiogenics for Renal Cancer, Expert Opinion on Emerging Drugs, 18(4):495-511 (2013) (published online Dec. 2, 2013).","NPL","Study NPL"
"Dong et al., Tumor-associated B7-H1 promotes T-cell apoptosis: a potential mechanism of immune evasion, Nature Medicine, 8(8):793-800 (2002).","NPL","Study NPL"
"Dorff et al., Novel Tyrosine Kinase Inhibitors for Renal Cell Carcinoma, Expert Rev. Clin. Pharmacol., 7(1):67-73 (2014).","NPL","Study NPL"
"Duraiswamy et al., Therapeutic PD-1 pathway blockade augments with other modalities of immunotherapy T-cell function to prevent immune decline in ovarian cancer, Cancer Research, 73(23):6900-6912 (2013).","NPL","Study NPL"
"Equivalent Surface Area Dosage Factors (https://ncifrederick.cancer.gov/lasp/acuc/frederick/Media/Documents/ACUC42.pdf Aug. 2007) (Year: 2007).","NPL","Study NPL"
"Escudier et al., Axitinib for the management of metastatic renal cell carcinoma, Drugs in R&D 11(2):113-126 (2011).","NPL","Study NPL"
"Escudier et al., Optimal Management of Metastatic Renal Cell Carcinoma: Current Status, Drugs, 73:427-438 (2013).","NPL","Study NPL"
"European Search Report dated Mar. 21, 2019, issued in EP Application No. 18205542.","NPL","Study NPL"
"FDA-Approved Patient Labeling for INLYTA, reference ID:3078397 (Jan. 2012).","NPL","Study NPL"
"Gao et al., Overexpression of PD-L1 significantly associates with tumor aggressiveness and postoperative recurrence in human hepatocellular carcinoma, Clinical Cancer Research, 15(3):971-979 (2009).","NPL","Study NPL"
"Ghebeh et al., FOXP3+ Tregs and B7-H1+/PD-1+ T lymphocytes co-infiltrate the tumor tissues of high-risk breast cancer patients: Implication for immunotherapy, BMC Cancer, 8:57 (12 pages) (2008).","NPL","Study NPL"
"Ghebeh et al., The B7-H1 (PD-L1) T lymphocyte-inhibitory molecule is expressed in breast cancer patients with infiltrating ductal carcinoma: correlation with important high-risk prognostic factors, Neoplasia, 8(3):190-198 (2006).","NPL","Study NPL"
"Hamanishi et al., Programmed cell death 1 ligand 1 and tumor-infiltrating CD8+ T lymphocytes are prognostic factors of human ovarian cancer, Proceeding of the National Academy of Sciences, 104(9):3360-3365 (2007).","NPL","Study NPL"
"Hamid et al., Safety and tumor responses with lambrolizumab (anti-PD-1) in melanoma, New England Journal of Medicine, 369(2):134-144 (2013).","NPL","Study NPL"
"Hino et al., Tumor cell expression of programmed cell death-I ligand 1 is a prognostic factor for malignant melanoma, Cancer, 116(7):1757-1766 (2010).","NPL","Study NPL"
"Hu-Lowe et al., Nonclinical antiangiogenesis and antitumor activities of axitinib (AG-013736), an oral, potent, and selective inhibitor of vascular endothelial growth factor receptor tyrosine kinases 1, 2, 3, Clinical Cancer Research, 14(22): 7272-7283 (2008).","NPL","Study NPL"
"Inman et al., PD-L1 (B7-H1) expression by urothelial carcinoma of the bladder and BCG-induced granulomata: associations with localized stage progression, Cancer, 109(8):1499-1505 (2007).","NPL","Study NPL"
"Joshi, J., ASCO GU 2018: Safety and Efficacy of Axitinib in Combination with Pembrolizumab in Patients with Advanced Renal Cell Cancer available at www.urotoday.com (downloaded Oct. 19, 2018).","NPL","Study NPL"
"Kaufman et al., The Society for Immunotherapy of Cancer Consensus Statement on Tumour Immunotherapy for the Treatment of Cutaneous Melanoma, Nature, 10:588-598 (2013).","NPL","Study NPL"
"Lipson et al., Durable Cancer Regression Off-Treatment and Effective Reinduction Therapy with an Anti-PD-1 Antibody, Clin. Cancer. Res., 19:462-468 (2013).","NPL","Study NPL"
"McDermott et al., PD-1 as a potential target in cancer therapy, Cancer Medicine, 2(5):662-673 (2013).","NPL","Study NPL"
"Nakanishi et al., Overexpression of B7-H1 (PD-L1) significantly associates with tumor grade and postoperative prognosis in human urothelial cancers, Cancer Immunology, Immunotherapy, 56(8):1173-1182 (2007).","NPL","Study NPL"
"Nomi et al., Clinical significance and therapeutic potential of the programmed death-1 ligand/programmed death-1 pathway in human pancreatic cancer, Clinical Cancer Research, 13(7):2151-2157 (2007).","NPL","Study NPL"
"Ohigashi et al., Clinical significance of programmed death-1 ligand-1 and programmed death-1 ligand-2 expression in human esophageal cancer, Clinical Cancer Research, 11(8): 2947-2953 (2005).","NPL","Study NPL"
"<othercit>Ahmadzadeh et al., Tumor antigen-specific CD8 T cells infiltrating the tumor express high levels of PD-1 and are functionally impaired, Blood, 114(8):1537-1544 (2009).</othercit>","NPL","Study NPL"
"<othercit>Atkins et al., Axitinib in Combination with Pembrolizumab in Patients with Advanced Renal Cell Carcinoma, presented at the European Society of Medical Oncology (ESM), Oct. 7-11, 2016, Copenhagen Denmark.</othercit>","NPL","Study NPL"
"<othercit>Atkins et al., Axitinib in Combination with Pembrolizumab in Patients with Advanced Renal Cell Cancer: a Non-Randomised, Open-Label, Dose-Finding, and Dose-Expansion Phase 1b Trial, <i>The Lancel Oncology, </i>19(3):405-415 (2018).</othercit>","NPL","Study NPL"
"<othercit>Bai et al., A Guide to Rational Dosing of Monoclonal Antibodies, <i>Clin. Pharmacokinet., </i>51(2):119-135 (2012).</othercit>","NPL","Study NPL"
"<othercit>Bailey et al., Immune Checkpoint Inhibitors as Novel Targets for Renal Cell Carcinoma Therapeutics, <i>The Cancer Journal, </i>19(4):348-352 (2013).</othercit>","NPL","Study NPL"
"<othercit>Choueiri et al., Trial in Progress: Phase 1b Dose-Finding Study of Axitinib Plus Pembrolizumab for First-Line Treatment of Advanced Renal Cell Carcinoma (RCC), <i>BJU International, </i>114(Supp. 4):4-5 (Oct. 2014).</othercit>","NPL","Study NPL"
"<othercit>Clinical Trial NCT01472081, Nivolumab (BMS-936558; MDX-1106) in Combination with Sunitinib, Pazopanib, or Ipilimumab in Subjects with Metastatic Renal Cell Carcinoma (RCC) (CheckMate 016) (5 pages) (Study record version available online at clinicaltrials(dot)gov/ct2/history/NCT01472081 submitted Jun. 12, 2019).</othercit>","NPL","Study NPL"
"<othercit>Clinical Trial NCT01472081, Nivolumab (BMS-936558; MDX-1106) in Combination with Sunitinib, Pazopanib, or Ipilimumab in Subjects with Metastatic Renal Cell Carcinoma (RCC) (CheckMate 016) (12 pages) (Study record version available online at clinicaltrials(dot)gov/ct2/history/NCT01472081 submitted Jun. 12, 2019).</othercit>","NPL","Study NPL"
"<othercit>Clinical Trial NCT01984242, A Study of Atezolizumab (an Engineered Anti-Programmed Death-Ligand 1 [PD-L1] Antibody) as Monotherapy or in Combination with Bevacizumab (AvastinR) Compared to Sunitinib (SutentR) in Participants with Untreated Advanced Renal Cell Carcinoma (IMmotion150) (5 pages) (Study record version available online at clinicaltrials(dot)gov/ct2/history/NCT01984242 submitted Jun. 12, 2019).</othercit>","NPL","Study NPL"
"<othercit>Clinical Trial NCT02036502, A study of Pembrolizumab (MK-3475) in Combination with Standard of Care Treatments in Participants with Multiple Myeloma (MK-3475-023/Keynote-023) (5 pages) (Study record version available online at clinicaltrials(dot)gov/ct2/history/NCT02036502 submitted Apr. 24, 2018).</othercit>","NPL","Study NPL"
"<othercit>Clinical Trial NCT02036502, A study of Pembrolizumab (MK-3475) in Combination with Standard of Care Treatments in Participants with Multiple Myeloma (MK-3475-023/Keynote-023) (11 pages) (Study record version available online at ClinicalTrials(dot)gov archive (submitted Apr. 24, 2018).</othercit>","NPL","Study NPL"
"<othercit>Clinical Trial NCT02039674, A Study of Pembrolizumab (MK-3475) in Combination with Chemotherapy or Immunotherapy in Participants with Non-Small Cell Lung Cancer (MK-3475-021/Keynote-021) (5 pages) (Study record version available online at clinicaltrials(dot)gov/ct2/history/NCT02039674 submitted Jun. 12, 2019).</othercit>","NPL","Study NPL"
"<othercit>Clinical Trial NCT02039674, A Study of Pembrolizumab (MK-3475) in Combination with Chemotherapy or Immunotherapy in Participants with Non-Small Cell Lung Cancer (MK-3475-021/Keynote-021), (6 pages) (Study record version available online at clinicaltrials(dot)gov/ct2/history/NCT02039674 submitted Jan. 11, 2019).</othercit>","NPL","Study NPL"
"<othercit>Clinical Trial NCT02133742, A Dose Finding Study to Evaluate Safety, Drug Interaction, Tumor Markers of Axitinib in Combination with MK-3475 in Adult Patients with Previously Untreated Advanced Renal Cell Cancer (8 pages) (Study record version available online at clinicaltrials(dot)gov/ct2/history/NCT02133742 submitted Jun. 20, 2019).</othercit>","NPL","Study NPL"
"<othercit>Clinical Trial NCT02133742, A Dose Finding Study to Evaluate Safety, Drug Interaction, Tumor Markers of Axitinib in Combination with MK-3475 in Adult Patients with Previously Untreated Advanced Renal Cell Cancer (1 page) (Study record version available online at clinicaltrials(dot)gov/ct2/history/NCT02133742 submitted Jun. 20, 2019).</othercit>","NPL","Study NPL"
"<othercit>Clinical Trial NCT02331368, Phase 2 Multi-Center Study of Anti-PD-1 during Lymphopenic State after HDT/ASCT for Multiple Myeloma (4 pages) (Study record version available online at clinicaltrials(dot)gov/ct2/history/NCT02331368 submitted Jul. 2, 2018).</othercit>","NPL","Study NPL"
"<othercit>Clinical Trial NTC02014636, Safety and Efficacy Study of Pazopanib and MK 3475 in Advanced Renal Cell Carcinoma (RCC; Keynote-018) (6 pages) (Study record version available online at https:clinicaltrials(dot)gov/ct2/history/NCT02014636 submitted Apr. 26, 2019).</othercit>","NPL","Study NPL"
"<othercit>Clinical Trials: NCT02014636, A Phase 1/11 Study to Assess the Safety and Efficacy of Pazopanib and MK 34 75 in Subjects With Advanced Renal Cell Carcinoma, ClinicalTrials.gov (Jan. 24, 2014), pp. 1-11. Retrieved from the Internet URL: https//clinicaltrials.gov/archive/NCT02014636/2014_01_24 [retrieved on Mar. 31, 2015] (11 pages).</othercit>","NPL","Study NPL"
"<othercit>Clinical Trials: NCT02133742, A Phase 1 B, Open Label, Dose Finding Study to Evaluate Safety, Pharmacokinetics and Pharmacodynamics of Axitinib (AG-013736) in Combination With MK-34 75 in Patients With Advanced Renal Cell Cancer, ClinicalTrials.gov archive, (May 7, 2014), Retrieved from the Internet: URL:https:jjclinicaltrials.govjarchive/NCT 02133742/2014 05 07 [retrieved on-Mar. 30, 2015] (3 pages).</othercit>","NPL","Study NPL"
"<othercit>Clinical Trials: NCT02179918, A Phase 1 Study of the 4-1B Agonsit PF-05082566 in Combination with the PD-1 Inhibitor MK-3475 in Patients with Advanced Solidy Tumors, Clinical Trials.gov (Jul. 1, 2014), pp. 1-6. Retrieved from the Internet URL: https://clinicaltrials.gov/archive/NCT02179918/2014_07_01 (6 pages).</othercit>","NPL","Study NPL"
"<othercit>Czarnecka et al., The Activity of Tyrosine Kinase Inhibitors on Clear Cell Renal Cell Carcinoma Tumor Initiating Cells in Hypoxic Microenvironment, <i>BJUI Supplements, </i>The 11th International Kidney Cancer Symposium Annual Meeting Proceedings, 110(Supp1.2):1-20 (2012).</othercit>","NPL","Study NPL"
"<othercit>Domblides et al., Emerging Antiangiogenics for Renal Cancer, <i>Expert Opinion on Emerging Drugs, </i>18(4):495-511 (2013) (published online Dec. 2, 2013).</othercit>","NPL","Study NPL"
"<othercit>Dong et al., Tumor-associated B7-H1 promotes T-cell apoptosis: a potential mechanism of immune evasion, Nature Medicine, 8(8):793-800 (2002).</othercit>","NPL","Study NPL"
"<othercit>Dorff et al., Novel Tyrosine Kinase Inhibitors for Renal Cell Carcinoma, <i>Expert Rev. Clin. Pharmacol., </i>7(1):67-73 (2014).</othercit>","NPL","Study NPL"
"<othercit>Duraiswamy et al., Therapeutic PD-1 pathway blockade augments with other modalities of immunotherapy T-cell function to prevent immune decline in ovarian cancer, Cancer Research, 73(23):6900-6912 (2013).</othercit>","NPL","Study NPL"
"<othercit>Equivalent Surface Area Dosage Factors (https://ncifrederick.cancer.gov/lasp/acuc/frederick/Media/Documents/ACUC42.pdf Aug. 2007) (Year: 2007).</othercit>","NPL","Study NPL"
"<othercit>Escudier et al., Axitinib for the management of metastatic renal cell carcinoma, Drugs in R&amp;D 11(2):113-126 (2011).</othercit>","NPL","Study NPL"
"<othercit>Escudier et al., Optimal Management of Metastatic Renal Cell Carcinoma: Current Status, <i>Drugs, </i>73:427-438 (2013).</othercit>","NPL","Study NPL"
"<othercit>European Search Report dated Mar. 21, 2019, issued in EP Application No. 18205542.</othercit>","NPL","Study NPL"
"<othercit>FDA-Approved Patient Labeling for INLYTA, reference ID:3078397 (Jan. 2012).</othercit>","NPL","Study NPL"
"<othercit>Gao et al., Overexpression of PD-L1 significantly associates with tumor aggressiveness and postoperative recurrence in human hepatocellular carcinoma, Clinical Cancer Research, 15(3):971-979 (2009).</othercit>","NPL","Study NPL"
"<othercit>Ghebeh et al., FOXP3+ Tregs and B7-H1+/PD-1+ T lymphocytes co-infiltrate the tumor tissues of high-risk breast cancer patients: Implication for immunotherapy, BMC Cancer, 8:57 (12 pages) (2008).</othercit>","NPL","Study NPL"
"<othercit>Ghebeh et al., The B7-H1 (PD-L1) T lymphocyte-inhibitory molecule is expressed in breast cancer patients with infiltrating ductal carcinoma: correlation with important high-risk prognostic factors, Neoplasia, 8(3):190-198 (2006).</othercit>","NPL","Study NPL"
"<othercit>Hamanishi et al., Programmed cell death 1 ligand 1 and tumor-infiltrating CD8+ T lymphocytes are prognostic factors of human ovarian cancer, Proceeding of the National Academy of Sciences, 104(9):3360-3365 (2007).</othercit>","NPL","Study NPL"
"<othercit>Hamid et al., Safety and tumor responses with lambrolizumab (anti-PD-1) in melanoma, New England Journal of Medicine, 369(2):134-144 (2013).</othercit>","NPL","Study NPL"
"<othercit>Hino et al., Tumor cell expression of programmed cell death-I ligand 1 is a prognostic factor for malignant melanoma, Cancer, 116(7):1757-1766 (2010).</othercit>","NPL","Study NPL"
"<othercit>Hu-Lowe et al., Nonclinical antiangiogenesis and antitumor activities of axitinib (AG-013736), an oral, potent, and selective inhibitor of vascular endothelial growth factor receptor tyrosine kinases 1, 2, 3, Clinical Cancer Research, 14(22): 7272-7283 (2008).</othercit>","NPL","Study NPL"
"<othercit>Inman et al., PD-L1 (B7-H1) expression by urothelial carcinoma of the bladder and BCG-induced granulomata: associations with localized stage progression, Cancer, 109(8):1499-1505 (2007).</othercit>","NPL","Study NPL"
"<othercit><i>WHO Drug Information, </i>vol. 27, No. 2, pp. 161-162 (2013).</othercit>","NPL","Study NPL"
"<othercit>Joshi, J., ASCO GU 2018: Safety and Efficacy of Axitinib in Combination with Pembrolizumab in Patients with Advanced Renal Cell Cancer available at www.urotoday.com (downloaded Oct. 19, 2018).</othercit>","NPL","Study NPL"
"<othercit>Kaufman et al., The Society for Immunotherapy of Cancer Consensus Statement on Tumour Immunotherapy for the Treatment of Cutaneous Melanoma, <i>Nature, </i>10:588-598 (2013).</othercit>","NPL","Study NPL"
"<othercit>Lipson et al., Durable Cancer Regression Off-Treatment and Effective Reinduction Therapy with an Anti-PD-1 Antibody, <i>Clin. Cancer. Res., </i>19:462-468 (2013).</othercit>","NPL","Study NPL"
"<othercit>McDermott et al., PD-1 as a potential target in cancer therapy, Cancer Medicine, 2(5):662-673 (2013).</othercit>","NPL","Study NPL"
"<othercit>Nakanishi et al., Overexpression of B7-H1 (PD-L1) significantly associates with tumor grade and postoperative prognosis in human urothelial cancers, Cancer Immunology, Immunotherapy, 56(8):1173-1182 (2007).</othercit>","NPL","Study NPL"
"<othercit>Nomi et al., Clinical significance and therapeutic potential of the programmed death-1 ligand/programmed death-1 pathway in human pancreatic cancer, Clinical Cancer Research, 13(7):2151-2157 (2007).</othercit>","NPL","Study NPL"
"<othercit>Ohigashi et al., Clinical significance of programmed death-1 ligand-1 and programmed death-1 ligand-2 expression in human esophageal cancer, Clinical Cancer Research, 11(8): 2947-2953 (2005).</othercit>","NPL","Study NPL"
"<othercit>Pal et al., Novel Therapies for Metastatic Renal Cell Carcinoma: Efforts to Expand beyond the VEGF/mTOR Signaling Paradigm, <i>Mol. Cancer Ther., </i>11(3):526-537 (2012).</othercit>","NPL","Study NPL"
"<othercit>Pardoll, The Blockade of Immune Checkpoints in Cancer Immunotherapy, <i>Nature, </i>12:252-264 (2012).</othercit>","NPL","Study NPL"
"<othercit>Patel et al., Clinical Cancer Advances 2013: Annual Report on Progress Against Cancer from the American Society of Clinical Oncology, <i>J. Clin. Oncol., </i>32(2):129-160 (2014) (published online Dec. 10, 2013).</othercit>","NPL","Study NPL"
"<othercit>Patnaik et al., Phase I Study of MK-3475 (Anti-PD-1 Monoclonal Antibody) in Patients with Advanced Solid Tumors, <i>J. Clin. Oncol., </i>30(Supp.15):2512 (2012).</othercit>","NPL","Study NPL"
"<othercit>PCT International Search Report, International Application No. PCT/US2015/014212, dated May 10, 2015 (12 pages).</othercit>","NPL","Study NPL"
"<othercit>Procopio et al., Combination Therapies for Patients with Metastatic Renal Cell Carcinoma, <i>Lancet</i>, 19:281-283 (2018).</othercit>","NPL","Study NPL"
"<othercit>Rini et al., Five-Year Survival in Patients with Cytokine-Refractory Metastatic Renal Cell Carcinoma Treated with Axitinib, <i>Clin. Genitourin. Cancer, </i>11(2):107-114 (2013).</othercit>","NPL","Study NPL"
"<othercit>Rini et al., Pembrolizumab plus Axitinib versus Sunitinib for Advanced Renal-Cell Carcinoma, <i>The New England Journal of Medicine </i>380:1116-1127 (2019).</othercit>","NPL","Study NPL"
"<othercit>Robert et al., Drug of the Year: Programmed Death-1 Receptor/Programmed Death-1 Ligand-1 Receptor Monoclonal Antibodies, <i>European Journal of Cancer, </i>49:2968-2971 (2013).</othercit>","NPL","Study NPL"
"<othercit>Robert et al., LBA34-Pembrolizumab (Pembro:MK-3475) for Advanced Melanoma (MEL): Randomized Comparison of Two Dosing Schedules, <i>Annals of Oncology, </i>25(Supp1.4):1-41 (Sep. 2014).</othercit>","NPL","Study NPL"
"<othercit>Rothermundt et al., Successful treatment with an anti-PD-1 antibody for progressing brain metastases in renal cell cancer, <i>Annals of Oncology</i>, 25:544-552 (2016).</othercit>","NPL","Study NPL"
"<othercit>Search Report dated Sep. 11, 2018 in ROC (Taiwan) Patent Application No. 104103603.</othercit>","NPL","Study NPL"
"<othercit>Sequence Listing from PCT/US2008/007463 filed Jun. 13, 2008.</othercit>","NPL","Study NPL"
"<othercit>Sharpe et al., The function of programmed cell death 1 and its ligands in regulating autoimmunity and infection, Nature Immunology, 8(3):239-245 (2007).</othercit>","NPL","Study NPL"
"<othercit>Shimauchi et al., Augmented expression of programmed death-1 in both neoplastic and non-neoplastic CD4+ T-cells in adult T-cell leukemia/lymphoma, International Journal of Cancer, 121(12):2585-2590 (2007).</othercit>","NPL","Study NPL"
"<othercit>Sliwkowski et al., Antibody Therapeutics in Cancer, <i>Science, </i>341:1192-1198 (2013).</othercit>","NPL","Study NPL"
"<othercit>Solowiej et al., Characterizing the effects of the juxtamembrane domain on vascular endothelial growth factor receptor-2 enzymatic activity, autophosphorylation, and inhibition by axitinib, Biochemistry, 48(29):7019-31 (2009).</othercit>","NPL","Study NPL"
"<othercit>Stehle et al., Reduced Immunosuppressive Properties of Axitinib in Comparison with Other Tyrosine Kinase Inhibitors, <i>J. Biol. Chem., </i>288(23):16334-16347(2013).</othercit>","NPL","Study NPL"
"<othercit>Tang et al., Programmed Death 1 Pathway Inhibition in Metastatic Renal Cell Cancer and Prostate Cancer, <i>Curr. Oncol. Rep., </i>15:98-104 (2013).</othercit>","NPL","Study NPL"
"<othercit>Thompson et al., PD-1 is expressed by tumor-infiltrating immune cells and is associated with poor outcome for patients with renal cell carcinoma, Clinical Cancer Research, 13(6):1757 1761 (2007).</othercit>","NPL","Study NPL"
"<othercit>Thompson et al., Significance of B7-H1 overexpression in kidney cancer, Clinical Genitourin Cancer, 5(3):206-211 (2006).</othercit>","NPL","Study NPL"
"<othercit>Topalian et al., Safety, Activity, and Immune Correlates of Anti-PD-1 Antibody in Cancer, <i>N. Engl. J. Med.</i>, 366(26):2443-2454 (2012).</othercit>","NPL","Study NPL"
"<othercit>Tykodi, Progress and Potential of Immune Checkpoint Blockage for Treating Advanced Renal Cell Carcinoma, <i>Immunotherapy, </i>5(6):607-619 (2013).</othercit>","NPL","Study NPL"
"<othercit>Van Geel et al., Concise Drug Review: Pazopanib and Axitinib, <i>The Oncologist</i>, 17:1081-1089 (2012).</othercit>","NPL","Study NPL"
"<othercit>Wei et al., Combinatorial PD-1 blockade and CD137 activation has therapeutic efficacy in murine cancer models and synergizes with cisplatin, PLOS One, 8(12):e84927 (11 pages) (2013).</othercit>","NPL","Study NPL"
"<othercit>Yang et al., PD-L1: PD-1 interaction contributes to the functional suppression of T-cell responses to human uveal melanoma cells in vitro, Investigative Ophthalmology &amp; Visusal Science, 49(6):2518-2525 (2008.</othercit>","NPL","Study NPL"
"<othercit>Yasuda et al., Simultaneous blockade of programmed death 1 and vascular endothelial growth factor receptor 2 (VEGFR2) induces synergistic anti-tumour effect in vivo, Clinical and Experimental Immunology, 172(3):500-506 (2013).</othercit>","NPL","Study NPL"
"<othercit>Yousaf et al., Axitinib in advanced renal-cell carcinoma, <i>The Lancet Oncology</i>, 12(13):1245-1246 (2013).</othercit>","NPL","Study NPL"
"Pal et al., Novel Therapies for Metastatic Renal Cell Carcinoma: Efforts to Expand beyond the VEGF/mTOR Signaling Paradigm, Mol. Cancer Ther., 11(3):526-537 (2012).","NPL","Study NPL"
"Pardoll, The Blockade of Immune Checkpoints in Cancer Immunotherapy, Nature, 12:252-264 (2012).","NPL","Study NPL"
"Patel et al., Clinical Cancer Advances 2013: Annual Report on Progress Against Cancer from the American Society of Clinical Oncology, J. Clin. Oncol., 32(2):129-160 (2014) (published online Dec. 10, 2013).","NPL","Study NPL"
"Patnaik et al., Phase I Study of MK-3475 (Anti-PD-1 Monoclonal Antibody) in Patients with Advanced Solid Tumors, J. Clin. Oncol., 30(Supp.15):2512 (2012).","NPL","Study NPL"
"PCT International Search Report, International Application No. PCT/US2015/014212, dated May 10, 2015 (12 pages).","NPL","Study NPL"
"Procopio et al., Combination Therapies for Patients with Metastatic Renal Cell Carcinoma, Lancet, 19:281-283 (2018).","NPL","Study NPL"
"Rini et al., Five-Year Survival in Patients with Cytokine-Refractory Metastatic Renal Cell Carcinoma Treated with Axitinib, Clin. Genitourin. Cancer, 11(2):107-114 (2013).","NPL","Study NPL"
"Rini et al., Pembrolizumab plus Axitinib versus Sunitinib for Advanced Renal-Cell Carcinoma, The New England Journal of Medicine 380:1116-1127 (2019).","NPL","Study NPL"
"Robert et al., Drug of the Year: Programmed Death-1 Receptor/Programmed Death-1 Ligand-1 Receptor Monoclonal Antibodies, European Journal of Cancer, 49:2968-2971 (2013).","NPL","Study NPL"
"Robert et al., LBA34-Pembrolizumab (Pembro:MK-3475) for Advanced Melanoma (MEL): Randomized Comparison of Two Dosing Schedules, Annals of Oncology, 25(Supp1.4):1-41 (Sep. 2014).","NPL","Study NPL"
"Rothermundt et al., Successful treatment with an anti-PD-1 antibody for progressing brain metastases in renal cell cancer, Annals of Oncology, 25:544-552 (2016).","NPL","Study NPL"
"Search Report dated Sep. 11, 2018 in ROC (Taiwan) Patent Application No. 104103603.","NPL","Study NPL"
"Sequence Listing from PCT/US2008/007463 filed Jun. 13, 2008.","NPL","Study NPL"
"Sharpe et al., The function of programmed cell death 1 and its ligands in regulating autoimmunity and infection, Nature Immunology, 8(3):239-245 (2007).","NPL","Study NPL"
"Shimauchi et al., Augmented expression of programmed death-1 in both neoplastic and non-neoplastic CD4+ T-cells in adult T-cell leukemia/lymphoma, International Journal of Cancer, 121(12):2585-2590 (2007).","NPL","Study NPL"
"Sliwkowski et al., Antibody Therapeutics in Cancer, Science, 341:1192-1198 (2013).","NPL","Study NPL"
"Solowiej et al., Characterizing the effects of the juxtamembrane domain on vascular endothelial growth factor receptor-2 enzymatic activity, autophosphorylation, and inhibition by axitinib, Biochemistry, 48(29):7019-31 (2009).","NPL","Study NPL"
"Stehle et al., Reduced Immunosuppressive Properties of Axitinib in Comparison with Other Tyrosine Kinase Inhibitors, J. Biol. Chem., 288(23):16334-16347(2013).","NPL","Study NPL"
"Tang et al., Programmed Death 1 Pathway Inhibition in Metastatic Renal Cell Cancer and Prostate Cancer, Curr. Oncol. Rep., 15:98-104 (2013).","NPL","Study NPL"
"Thompson et al., PD-1 is expressed by tumor-infiltrating immune cells and is associated with poor outcome for patients with renal cell carcinoma, Clinical Cancer Research, 13(6):1757 1761 (2007).","NPL","Study NPL"
"Thompson et al., Significance of B7-H1 overexpression in kidney cancer, Clinical Genitourin Cancer, 5(3):206-211 (2006).","NPL","Study NPL"
"Topalian et al., Safety, Activity, and Immune Correlates of Anti-PD-1 Antibody in Cancer, N. Engl. J. Med., 366(26):2443-2454 (2012).","NPL","Study NPL"
"Tykodi, Progress and Potential of Immune Checkpoint Blockage for Treating Advanced Renal Cell Carcinoma, Immunotherapy, 5(6):607-619 (2013).","NPL","Study NPL"
"Van Geel et al., Concise Drug Review: Pazopanib and Axitinib, The Oncologist, 17:1081-1089 (2012).","NPL","Study NPL"
"Wei et al., Combinatorial PD-1 blockade and CD137 activation has therapeutic efficacy in murine cancer models and synergizes with cisplatin, PLOS One, 8(12):e84927 (11 pages) (2013).","NPL","Study NPL"
"WHO Drug Information, vol. 27, No. 2, pp. 161-162 (2013).","NPL","Study NPL"
"Yang et al., PD-L1: PD-1 interaction contributes to the functional suppression of T-cell responses to human uveal melanoma cells in vitro, Investigative Ophthalmology & Visusal Science, 49(6):2518-2525 (2008.","NPL","Study NPL"
"Yasuda et al., Simultaneous blockade of programmed death 1 and vascular endothelial growth factor receptor 2 (VEGFR2) induces synergistic anti-tumour effect in vivo, Clinical and Experimental Immunology, 172(3):500-506 (2013).","NPL","Study NPL"
"Yousaf et al., Axitinib in advanced renal-cell carcinoma, The Lancet Oncology, 12(13):1245-1246 (2013).","NPL","Study NPL"
"Ahmadzadeh et al., Tumor antigen-specific CD8 T cells infiltrating the tumor express high levels of PD-1 and are functionally impaired, Blood, 114(8):1537-1544 (2009).","NPL","Study NPL"
"Amin et al., High-Dose Interleukin-2: Is It Still Indicated for Melanoma and RCC in an Era of Targeted Therapies?, Oncology, 27(7):680-691 (2013).","NPL","Study NPL"
"Amin et al., Nivolumab (anti-PD-1; BMS-936558, ONO-4538) in combination with sunitinib or pazopanib in patients (pts) with metastatic renal cell carcinoma (mRCC), J. Clin Oncol., 32(15 Suppl.) Abstract Only (2014) (obtained online).","NPL","Study NPL"
"Amin et al., Safety and Efficacy of Nivolumab in Combination with Sunitinib or Pazopanib in Advanced or Metastatic Renal Cell Carcinoma: the CheckMate 016 Study, Journal of Immuno Therapy of Cancer, 6:109, pp. 1-12 (published online Oct. 22, 2018).","NPL","Study NPL"
"Anonymous, Clinical Development Success Rates 2006-2015, Biotechnology Innovation Organization, Biomedtracker, 28 pp. (2016).","NPL","Study NPL"
"Anonymous, Equivalent Surface Area Dosage Conversion Factors, available from ncifrederick.cancer.gov/lasp/acuc/frederick/Media/Documents/ACUC42.pdf (2007).","NPL","Study NPL"
"Approval label of Axitinib by the FDA from Jan. 2012.","NPL","Study NPL"
"Atkins et al., Axitinib in Combination with Pembrolizumab in Patients with Advanced Renal Cell Carcinoma, presented at the European Society of Medical Oncology (ESM), , pp. 266-295, Oct. 7-11, 2016, Copenhagen Denmark.","NPL","Study NPL"
"Atkins et al., Axitinib in Combination with Pembrolizumab in Patients (pts) with Advanced Renal Cell Carcinoma (aRCC): Preliminary Safety and Efficacy Results, Annals of Oncology, 27(Suppl.6):vi266-vi295 (2016).","NPL","Study NPL"
"Atkins et al., Axitinib in Combination with Pembrolizumab in Patients with Advanced Renal Cell Cancer: a Non-Randomised, Open-Label, Dose-Finding, and Dose-Expansion Phase 1b Trial, The Lancet Oncology, 19(3):405-415 (2018).","NPL","Study NPL"
"Bai et al., A Guide to Rational Dosing of Monoclonal Antibodies, Clin. Pharmacokinet., 51(2):119-135 (2012).","NPL","Study NPL"
"Bailey et al., Immune Checkpoint Inhibitors as Novel Targets for Renal Cell Carcinoma Therapeutics, The Cancer Journal, 19(4):348-352 (2013).","NPL","Study NPL"
"BJUI International, 114(Suppl.4):1-20 (2014).","NPL","Study NPL"
"CAS Lambrolizumab, Registry No. 1374853-91-4 (entered STN May 31, 2012).","NPL","Study NPL"
"Choueiri et al., Trial in Progress: Phase 1b Dose-Finding Study of Axitinib Plus Pembrolizumab for First-Line Treatment of Advanced Renal Cell Carcinoma (RCC), BJU International, 114(Supp. 4):4-5 (2014).","NPL","Study NPL"
"Chowdhury et al., A phase I/II study to assess the safety and efficacy of pazopanib (PAZ) and pembrolizumab (PEM) in patients (pts) with advanced renal cell carcinoma (aRCC), Journal of Clinical Oncology, 35(15), supplement p. 4506 (2017).","NPL","Study NPL"
"Clinical Trial NCT01295827, Study of MK-3475 in Participants with Progressive Locally Advanced or Metastatic Carcinoma, Melanoma, or Non-Small Cell Lung Carcinoma (P07990/MK-3475-001), latest version submitted Nov. 22, 2019.","NPL","Study NPL"
"Clinical Trial NCT01472081, Nivolumab (BMS-936558; MDX-1106) in Combination with Sunitinib, Pazopanib, or Ipilimumab in Subjects with Metastatic Renal Cell Carcinoma (RCC) (CheckMate 016) (5 pp) (Study record version available online at clinicaltrials.gov/ct2/history/NCT01472081 submitted Jun. 12, 2019).","NPL","Study NPL"
"Clinical Trial NCT01472081, Nivolumab (BMS-936558; MDX-1106) in Combination with Sunitinib, Pazopanib, or Ipilimumab in Subjects with Metastatic Renal Cell Carcinoma (RCC) (CheckMate 016) (12 pp) (Study record version available online at clinicaltrials.gov/ct2/history/NCT01472081 submitted Jun. 12, 2019).","NPL","Study NPL"
"Clinical Trial NCT01472081, Nivolumab (BMS-936558; MDX-1106) in Combination with Sunitinib, Pazopanib, or Ipilimumab in Subjects with Metastatic Renal Cell Carcinoma (RCC) (CheckMate016), last submitted Nov. 30, 2021; available at ClinicalTrials.gov/ct2/history/NCT01472081.","NPL","Study NPL"
"Clinical Trial NCT01704287, Study of MK-3475 Versus Chemotherapy in Participants with Advanced Melanoma, latest version submitted Apr. 29, 2020.","NPL","Study NPL"
"Clinical Trial NCT01984242, A Study of Atezolizumab (an Engineered Anti-Programmed Death-Ligand 1 [PD-L1] Antibody) as Monotherapy or in Combination with Bevacizumab (AvastinR) Compared to Sunitinib (SutentR) in Participants with Untreated Advanced Renal Cell Carcinoma (IMmotion150) (5 pp) (Study record version available online at clinicaltrials.gov/ct2/history/NCT01984242 submitted Jun. 12, 2019).","NPL","Study NPL"
"Clinical Trial NCT02014636, A phase I/II study to assess the safety and efficacy of pazopanib and MK 3475 in subjects with advanced renal cell carcinoma, last submitted Feb. 28, 2020; available at ClinicalTrials.gov/ct2/history/NCT02014636.","NPL","Study NPL"
"Clinical Trial NCT02014636, Safety and Efficacy Study of Pazopanib and MK 3475 in Advanced Renal Cell Carcinoma (RCC; KEYNOTE-018), last update posted Mar. 3, 2020; available at ClinicalTrials.gov/ct2/show/NCT02014636.","NPL","Study NPL"
"Clinical Trial NCT02036502, A study of Pembrolizumab (MK-3475) in Combination with Standard of Care Treatments in Participants with Multiple Myeloma (MK-3475-023/KEYNOTE-023) (5 pp) (Study record version available online at clinicaltrials.gov/ct2/history/NCT02036502 submitted Apr. 24, 2018).","NPL","Study NPL"
"Clinical Trial NCT02036502, A study of Pembrolizumab (MK-3475) in Combination with Standard of Care Treatments in Participants with Multiple Myeloma (MK-3475-023/KEYNOTE-023) (11 pp) (Study record version available online at ClinicalTrials.gov archive (submitted Apr. 24, 2018).","NPL","Study NPL"
"Clinical Trial NCT02036502, Study of Pembrolizumab (MK-3475) in Combination with Lenalidomide and Dexamethasone in Participants with Multiple Myeloma (MK-3475-023/KEYNOTE-023) as of Jan. 15, 2015.","NPL","Study NPL"
"Clinical Trial NCT02039674, A Study of Pembrolizumab (MK-3475) in Combination with Chemotherapy or Immunotherapy in Participants with Non-Small Cell Lung Cancer (MK-3475-021/KEYNOTE-021) (5 pp) (Study record version available online at clinicaltrials.gov/ct2/history/NCT02039674 submitted Jun. 12, 2019).","NPL","Study NPL"
"Clinical Trial NCT02039674, A Study of Pembrolizumab (MK-3475) in Combination with Chemotherapy or Immunotherapy in Participants with Non-Small Cell Lung Cancer (MK-3475-021/KEYNOTE-021), (6 pp) (Study record version available online at clinicaltrials.gov/ct2/history/NCT02039674 submitted Jan. 11, 2019).","NPL","Study NPL"
"Clinical Trial NCT02133742, A Dose Finding Study to Evaluate Safety, Drug Interaction, Tumor Markers of Axitinib in Combination with MK-3475 in Adult Patients with Previously Untreated Advanced Renal Cell Cancer (8 pages) (Study record version available online at clinicaltrials.gov/ct2/history/NCT02133742 submitted Jun. 20, 2019).","NPL","Study NPL"
"Clinical Trial NCT02133742, A Dose Finding Study to Evaluate Safety, Drug Interaction, Tumor Markers of Axitinib in Combination with MK-3475 in Adult Patients with Previously Untreated Advanced Renal Cell Cancer (1 p) (Study record version available online at clinicaltrials.gov/ct2/history/NCT02133742 submitted Jun. 20, 2019).","NPL","Study NPL"
"Clinical Trial NCT02133742, A dose finding study to evaluate safety, drug interaction, tumor markers of axitinib in combination with MK-3475 in adult patients with previously untreated advanced renal cell cancer, (first posted online May 8, 2014), submitted Jun. 20, 2019.","NPL","Study NPL"
"Clinical Trial NCT02133742, A Dose Finding Study to Evaluate Safety, Drug Interaction, Tumor Markers of Axitinib in Combination with MK-3475 in Adult Patients with Previously Untreated Advanced Renal Cell Cancer, latest version Jul. 26, 2021.","NPL","Study NPL"
"Clinical Trial NCT02133742, A Dose Finding Study to Evaluate Safety, Drug Interaction, Tumor Markers of Axitinib in Combination with MK-3475 in Adult Patients with Previously Untreated Advanced Renal Cell Cancer, last update posted Jul. 28, 2021.","NPL","Study NPL"
"Clinical Trial NCT02133742, A dose finding study to evaluate safety, drug interaction, tumor markers of Axitinib in combination with MK-3475 in adult patients with previously untreated advanced renal cell cancer, last submitted Jul. 26, 2021; available at ClinicalTrials.gov/ct2/history/NCT02133742.","NPL","Study NPL"
"Clinical Trial NCT02331368, Phase 2 Multi-Center Study of Anti-PD-1 during Lymphopenic State after HDT/ASCT for Multiple Myeloma (4 pp) (Study record version available online at clinicaltrials.gov/ct2/history/NCT02331368 submitted Jul. 2, 2018).","NPL","Study NPL"
"Clinical Trial NTC02014636, Safety and Efficacy Study of Pazopanib and MK 3475 in Advanced Renal Cell Carcinoma (RCC; KEYNOTE-018) (6 pp) (Study record version available online at clinicaltrials.gov/ct2/history/NCT02014636 submitted Apr. 26, 2019).","NPL","Study NPL"
"Clinical Trials.gov: NCT02014636 A phase I/II study to assess the safety and efficacy of pazopanib and MK 3475 in subjects with advanced renal cell carcinoma. The document was first posted online in Dec. 2013. Retrieved from Clinical Trials.gov archive.","NPL","Study NPL"
"Clinical Trials: NCT02014636, A Phase I/II Study to Assess the Safety and Efficacy of Pazopanib and MK 34 75 in Subjects With Advanced Renal Cell Carcinoma, Clinical Trials.gov (Jan. 24, 2014), pp. 1-11. Retrieved on Mar. 31, 2015 from clinicaltrials.gov/archive/NCT02014636/2014 01 24 (11 pages).","NPL","Study NPL"
"Clinical Trials: NCT02133742, A Phase 1 B, Open Label, Dose Finding Study to Evaluate Safety, Pharmacokinetics and Pharmacodynamics Of Axitinib (AG-013736) in Combination with MK-34 75 in Patients with Advanced Renal Cell Cancer, ClinicalTrials.gov archive (May 7, 2014), Retrieved on Mar. 30, 2015 from clinicaltrials.gov/archive/NCT 02133742/2014 05 07 (3 pages).","NPL","Study NPL"
"Clinical Trials: NCT02179918, A Phase 1 Study of the 4-1B Agonist PF-05082566 in Combination with the PD-1 Inhibitor MK-3475 in Patients with Advanced Solid Tumors, Clinical Trials.gov (Jul. 1, 2014), pp. 1-6. Retrieved from the URL: clinicaltrials.gov/archive/NCT02179918/2014 07 01 (6 pages).","NPL","Study NPL"
"Czarnecka et al., The Activity of Tyrosine Kinase Inhibitors on Clear Cell Renal Cell Carcinoma Tumor Initiating Cells in Hypoxic Microenvironment, BJUI Supplements, The 11th International Kidney Cancer Symposium Annual Meeting Proceedings, 110(Suppl.2):1-20 (2012).","NPL","Study NPL"
"Dolgin, Cancer's True Breakthroughs, Nature Medicine, 19(6):660-663 (2013).","NPL","Study NPL"
"Doloff et al., VEGF Receptor Inhibitors Block the Ability of Metronomically Dosed Cyclophosphamide to Activate Innate Immunity-Induced Tumor Regression, Cancer Res., 72(5):1103-1115 (2012).","NPL","Study NPL"
"Domblides et al., Emerging Antiangiogenics for Renal Cancer, Expert Opinion on Emerging Drugs, 18(4):495-511 (2013).","NPL","Study NPL"
"Dong et al., Tumor-associated B7-H1 promotes T-cell apoptosis: a potential mechanism of immune evasion, Nature Medicine, 8(8):793-800 (2002).","NPL","Study NPL"
"Dorff et al., Novel Tyrosine Kinase Inhibitors for Renal Cell Carcinoma, Expert Rev. Clin. Pharmacol., 7(1):67-73 (2014).","NPL","Study NPL"
"Drabkin, Pazopanib and Anti-VEGF Therapy, Open Access J. Urol., 12(2):35-40 (2010).","NPL","Study NPL"
"Duraiswamy et al., Therapeutic PD-1 pathway blockade augments with other modalities of immunotherapy T-cell function to prevent immune decline in ovarian cancer, Cancer Research, 73(23):6900-6912 (2013).","NPL","Study NPL"
"Escudier et al., Axitinib for the Management of Metastatic Renal Cell Carcinoma, Drugs in R&D, 11(2):113-126 (2011).","NPL","Study NPL"
"Escudier et al., Optimal Management of Metastatic Renal Cell Carcinoma: Current Status, Drugs, 73:427-438 (2013).","NPL","Study NPL"
"European Patent Office Decision of the Opposition Division Revoking the European Patent 3102605, dated Jul. 29, 2021.","NPL","Study NPL"
"European Search Report completed Mar. 12, 2019, issued in EP Application No. 18205542.","NPL","Study NPL"
"Extended European Search Report completed Feb. 9, 2022, issued in EP Application No. 21187795.6.","NPL","Study NPL"
"FDA-Approved Patient Labeling for INLYTA, reference ID:3078397 (Jan. 2012).","NPL","Study NPL"
"Friedman et al. (eds), Fundamentals of Clinical Trials, 4th ed., Springer (New York), pp. 21-27 (2010).","NPL","Study NPL"
"Furlow, Pazopanib Is Not Safe for Patients With RCC Conference I American Society of Clinical Oncology Annual Meeting: Renal Cell Carcinoma (Jun. 7, 2017).","NPL","Study NPL"
"Furlow, Pembrolizumab Plus Pazopanib Is Not Safe for Patients With RCC, American Society of Clinical Oncology Annual Meeting: Renal Cell Carcinoma, 2 pp. (Jun. 7, 2017).","NPL","Study NPL"
"Gao et al., Overexpression of PD-L1 significantly associates with tumor aggressiveness and postoperative recurrence in human hepatocellular carcinoma, Clinical Cancer Research, 15(3):971-979 (2009).","NPL","Study NPL"
"Garon et al., Abstract A20: MK-3475 Monotherapy for Previously Treated Non-Small Cell Lung Cancer (NSCLC): Preliminary Safety and Clinical Activity, Proceedings of the AACR-IASLC Joint Conference on Molecular Origins of Lung Cancer, Jan. 6-9, 2014, San Diego, CA, Philadelphia, PA; AACR; Clin Cancer Res, 20(2Suppl):Abstract nr A20 (2014).","NPL","Study NPL"
"Garon et al., Antitumor Activity of Pembrolizumab (PEMBRO; MK-3475) and Correlation with Programmed Death Ligand 1 (PD-L1) Expression in a Pooled Analysis of Patients (PTS) with Advanced Non-Small Cell Lung Carcinoma (NSCLC), Annals of Oncology, 25(Suppl.5):v1-v41 (2014).","NPL","Study NPL"
"Ghebeh et al., FOXP3+ Tregs and B7-H1+/PD-1+ T lymphocytes co-infiltrate the tumor tissues of high-risk breast cancer patients: Implication for immunotherapy, BMC Cancer, 8:57 (12 pages) (2008).","NPL","Study NPL"
"Ghebeh et al., The B7-H1 (PD-L1) T lymphocyte-inhibitory molecule is expressed in breast cancer patients with infiltrating ductal carcinoma: correlation with important high-risk prognostic factors, Neoplasia, 8(3):190-198 (2006).","NPL","Study NPL"
"Gross-Goupil et al., Axitinib: A Review of its Safety and Efficacy in the Treatment of Adults with Advanced Renal Cell Carcinoma, Clinical Medicine Insights: Oncology, 7:269-277 (2013).","NPL","Study NPL"
"Hamanishi et al., Programmed cell death 1 ligand 1 and tumor-infiltrating CD8+ T lymphocytes are prognostic factors of human ovarian cancer, PNAS, 104(9):3360-3365 (2007).","NPL","Study NPL"
"Hamid et al., Safety and Tumor Responses with Lambrolizumab (Anti-PD-1) in Melanoma, New England Journal of Medicine, 369(2):134-144 (2013).","NPL","Study NPL"
"Hamid et al., Safety and Tumor Responses with Lambrolizumab (Anti-PD-1) in Melanoma, N. Engl. J. Med., vol. 369(2): pp. 134-144. Published on Jun. 2, 2013.","NPL","Study NPL"
"Harshman et al., PD-1 Blockade in Renal Cell Carcinoma: To Equilibrium and Beyond, Cancer Immunol. Res., 2(12):1132-1141 (2014), American Association for Cancer Research, Inc. (publisher), Philadelphia, PA.","NPL","Study NPL"
"Heine et al., The VEGF-Receptor Inhibitor Axitinib Impairs Dendritic Cell Phenotype and Function, PLOS One, 10(6):e0128897, pp. 1-13 (2015).","NPL","Study NPL"
"Highlights of Prescribing Information for FDA-Approved Drug Nexavar (sorafenib) tablets, reference ID:4585765 (Jan. 2005), 30 pages.","NPL","Study NPL"
"Highlights of Prescribing Information for FDA-Approved Drug Sutent (sunitinib malate) capsules, reference ID:36758965 (Jan. 2006), 31 pages.","NPL","Study NPL"
"Highlights of Prescribing Information for FDA-Approved Drug Votrient (pazopanib) tablets, reference ID:3122369 (Jan. 2009), 32 pages.","NPL","Study NPL"
"Hino et al., Tumor cell expression of programmed cell death-1 ligand 1 is a prognostic factor for malignant melanoma, Cancer, 116(7):1757-1766 (2010).","NPL","Study NPL"
"Hu-Lowe et al., Nonclinical antiangiogenesis and antitumor activities of axitinib (AG-013736), an oral, potent, and selective inhibitor of vascular endothelial growth factor receptor tyrosine kinases 1, 2, 3, Clinical Cancer Research, 14(22): 7272-7283 (2008).","NPL","Study NPL"
"Hutson et al., Axitinib Versus Sorafenib as First-Line Therapy in Patients with Metastatic Renal-Cell Carcinoma: A Randomised Open-Label Phase 3 Trial, Lancet Oncology, 14(13):1287-1294 (2013).","NPL","Study NPL"
"Hutson et al., Axitinib Versus Sorafenib as First-Line Metastatic Renal Cell Carcinoma: Overall Survival From a Randomized Phase III Trial, Clinical Genitourinary Cancer, 15(1), pp. 72-76 (Feb. 2017) DOI: http://dx.doi.org/10.1016/j.clgc.2016.05.008.","NPL","Study NPL"
"Inman et al., PD-L1 (B7-H1) expression by urothelial carcinoma of the bladder and BCG- induced granulomata: associations with localized stage progression, Cancer, 109(8):14991505 (2007).","NPL","Study NPL"
"International Search Report, International Application No. PCT/US2015/014212, dated May 10, 2015 (12 pages).","NPL","Study NPL"
"Joshi, J. ASCO GU 2018: Safety and Efficacy of Axitinib in Combination with Pembrolizumab in Patients with Advanced Renal Cell Cancer available at urotodav.com (downloaded Oct. 19, 2018).","NPL","Study NPL"
"Kaufman et al., The Society for Immunotherapy of Cancer Consensus Statement on Tumour Immunotherapy for the Treatment of Cutaneous Melanoma, Nature, 10:588-598 (2013).","NPL","Study NPL"
"Kindler et al., Axitinib Plus Gemcitabine Versus Placebo Plus Gemcitabine in Patients with Advanced Pancreatic Adenocarcinoma: a Double-Blind Randomised Phase 3 Study, Lancet Oncol., 12(3):256-262 (2011).","NPL","Study NPL"
"Lee et al., Combination VEGFR/Immune Checkpoint Inhibitor Therapy: A Promising New Treatment for Renal Cell Carcinoma, British Journal of Cancer, 119:911-912 (published online Oct. 17, 2018) https://doi.org/10.1038/s41416-018-0175-x.","NPL","Study NPL"
"Lieu et al., Beyond VEGF: Inhibition of the Fibroblast Growth Factor Pathway and Anti-Angiogenesis, Clin. Cancer Res., 17(19):6130-6139 (2011).","NPL","Study NPL"
"Lipson et al., Durable Cancer Regression Off-Treatment and Effective Reinduction Therapy with an Anti-PD-1 Antibody, Clin. Cancer. Res., 19:462-468 (2013).","NPL","Study NPL"
"Logan et al., Systemic Therapy for Metastatic Renal Cell Carcinoma: A Review and Update, Rev. Urol., 14(3/4):65-78 (2012).","NPL","Study NPL"
"Ma et al., Modulation of the Antitumor Activity of Metronomic Cyclophosphamide by the Angiogenesis Inhibitor Axitinib, Mol. Cancer Ther., 7(1):79-89 (2008).","NPL","Study NPL"
"Mahan, Clinical Trial Phases, International Journal of Clinical Medicine, 5:1374-1383 (2014).","NPL","Study NPL"
"McDermott et al., A Phase I/II study to assess the safety and efficacy of pazopanib (paz) and pembrolizumab (pembro) in patients (pts) with advanced renal cell carcinoma (aRCC), European Journal of Cancer, 51(3):S519-S20, Abstract 2622 (2015).","NPL","Study NPL"
"McDermott et al., PD-1 as a Potential Target in Cancer Therapy, Cancer Medicine, 2(5):662673 (2013).","NPL","Study NPL"
"Minner et al., Epidermal Growth Factor Receptor Protein Expression and Genomic Alterations in Renal Cell Carcinoma, Cancer, 118:1268-1275 (2012).","NPL","Study NPL"
"Mullard, Learning from the 2012-2013 Class of Breakthrough Therapies, Nature Reviews, 12:891-893 (2013).","NPL","Study NPL"
"Nakanishi et al., Overexpression of B7-H1 (PD-L1) significantly associates with tumor grade and postoperative prognosis in human urothelial cancers, Cancer Immunology, Immunotherapy, 56(8):1173-1182 (2007).","NPL","Study NPL"
"Nomi et al., Clinical significance and therapeutic potential of the programmed death-1 ligand/programmed death-1 pathway in human pancreatic cancer, Clinical Cancer Research, 13(7):2151-2157 (2007).","NPL","Study NPL"
"Ohigashi et al., Clinical significance of programmed death-1 ligand-1 and programmed death-1 ligand-2 expression in human esophageal cancer, Clinical Cancer Research, 11(8): 2947-2953 (2005).","NPL","Study NPL"
"O'Sullivan et al., The VEGF Inhibitor Axitinib has Limited Effectiveness as a Therapy for Adrenocortical Cancer, J. Clin. Endocrinol. Metab., 99(4):1291-1297 (2014).","NPL","Study NPL"
"<othercit>Ahmadzadeh et al., Tumor antigen-specific CD8 T cells infiltrating the tumor express high levels of PD-1 and are functionally impaired, <i>Blood</i>, 114(8):1537-1544 (2009).</othercit>","NPL","Study NPL"
"<othercit>Amin et al., High-Dose Interleukin-2: Is It Still Indicated for Melanoma and RCC in an Era of Targeted Therapies?, <i>Oncology</i>, 27(7):680-691 (2013).</othercit>","NPL","Study NPL"
"<othercit>Amin et al., Nivolumab (anti-PD-1; BMS-936558, ONO-4538) in combination with sunitinib or pazopanib in patients (pts) with metastatic renal cell carcinoma (mRCC), <i>J. Clin Oncol</i>., 32(15 Suppl.) Abstract Only (2014) (obtained online).</othercit>","NPL","Study NPL"
"<othercit>Amin et al., Safety and Efficacy of Nivolumab in Combination with Sunitinib or Pazopanib in Advanced or Metastatic Renal Cell Carcinoma: the CheckMate 016 Study, <i>Journal of Immuno Therapy of Cancer</i>, 6:109, pp. 1-12 (published online Oct. 22, 2018).</othercit>","NPL","Study NPL"
"<othercit>Anonymous, Clinical Development Success Rates 2006-2015, Biotechnology Innovation Organization, Biomedtracker, 28 pp. (2016).</othercit>","NPL","Study NPL"
"<othercit>Anonymous, Equivalent Surface Area Dosage Conversion Factors, available from ncifrederick.cancer.gov/lasp/acuc/frederick/Media/Documents/ACUC42.pdf (2007).</othercit>","NPL","Study NPL"
"<othercit>Approval label of Axitinib by the FDA from Jan. 2012.</othercit>","NPL","Study NPL"
"<othercit>Atkins et al., Axitinib in Combination with Pembrolizumab in Patients with Advanced Renal Cell Carcinoma, presented at the European Society of Medical Oncology (ESM), , pp. 266-295, Oct. 7-11, 2016, Copenhagen Denmark.</othercit>","NPL","Study NPL"
"<othercit>Atkins et al., Axitinib in Combination with Pembrolizumab in Patients (pts) with Advanced Renal Cell Carcinoma (aRCC): Preliminary Safety and Efficacy Results, <i>Annals of Oncology</i>, 27(Suppl.6):vi266-vi295 (2016).</othercit>","NPL","Study NPL"
"<othercit>Atkins et al., Axitinib in Combination with Pembrolizumab in Patients with Advanced Renal Cell Cancer: a Non-Randomised, Open-Label, Dose-Finding, and Dose-Expansion Phase 1b Trial, <i>The Lancet Oncology</i>, 19(3):405-415 (2018).</othercit>","NPL","Study NPL"
"<othercit>Bai et al., A Guide to Rational Dosing of Monoclonal Antibodies, <i>Clin. Pharmacokinet</i>., 51(2):119-135 (2012).</othercit>","NPL","Study NPL"
"<othercit>Bailey et al., Immune Checkpoint Inhibitors as Novel Targets for Renal Cell Carcinoma Therapeutics, <i>The Cancer Journal</i>, 19(4):348-352 (2013).</othercit>","NPL","Study NPL"
"<othercit>CAS Lambrolizumab, Registry No. 1374853-91-4 (entered STN May 31, 2012).</othercit>","NPL","Study NPL"
"<othercit>Choueiri et al., Trial in Progress: Phase 1b Dose-Finding Study of Axitinib Plus Pembrolizumab for First-Line Treatment of Advanced Renal Cell Carcinoma (RCC), <i>BJU International</i>, 114(Supp. 4):4-5 (2014).</othercit>","NPL","Study NPL"
"<othercit>Chowdhury et al., A phase I/II study to assess the safety and efficacy of pazopanib (PAZ) and pembrolizumab (PEM) in patients (pts) with advanced renal cell carcinoma (aRCC), <i>Journal of Clinical Oncology</i>, 35(15), supplement p. 4506 (2017).</othercit>","NPL","Study NPL"
"<othercit>Clinical Trial NCT01295827, Study of MK-3475 in Participants with Progressive Locally Advanced or Metastatic Carcinoma, Melanoma, or Non-Small Cell Lung Carcinoma (P07990/MK-3475-001), latest version submitted Nov. 22, 2019.</othercit>","NPL","Study NPL"
"<othercit>Clinical Trial NCT01472081, Nivolumab (BMS-936558; MDX-1106) in Combination with Sunitinib, Pazopanib, or Ipilimumab in Subjects with Metastatic Renal Cell Carcinoma (RCC) (CheckMate 016) (5 pp) (Study record version available online at clinicaltrials.gov/ct2/history/NCT01472081 submitted Jun. 12, 2019).</othercit>","NPL","Study NPL"
"<othercit>Clinical Trial NCT01472081, Nivolumab (BMS-936558; MDX-1106) in Combination with Sunitinib, Pazopanib, or Ipilimumab in Subjects with Metastatic Renal Cell Carcinoma (RCC) (CheckMate 016) (12 pp) (Study record version available online at clinicaltrials.gov/ct2/history/NCT01472081 submitted Jun. 12, 2019).</othercit>","NPL","Study NPL"
"<othercit>Clinical Trial NCT01472081, Nivolumab (BMS-936558; MDX-1106) in Combination with Sunitinib, Pazopanib, or Ipilimumab in Subjects with Metastatic Renal Cell Carcinoma (RCC) (CheckMate016), last submitted Nov. 30, 2021; available at ClinicalTrials.gov/ct2/history/NCT01472081.</othercit>","NPL","Study NPL"
"<othercit>Clinical Trial NCT01704287, Study of MK-3475 Versus Chemotherapy in Participants with Advanced Melanoma, latest version submitted Apr. 29, 2020.</othercit>","NPL","Study NPL"
"<othercit>Clinical Trial NCT01984242, A Study of Atezolizumab (an Engineered Anti-Programmed Death-Ligand 1 [PD-L1] Antibody) as Monotherapy or in Combination with Bevacizumab (AvastinR) Compared to Sunitinib (SutentR) in Participants with Untreated Advanced Renal Cell Carcinoma (IMmotion150) (5 pp) (Study record version available online at clinicaltrials.gov/ct2/history/NCT01984242 submitted Jun. 12, 2019).</othercit>","NPL","Study NPL"
"<othercit>Clinical Trial NCT02014636, A phase I/II study to assess the safety and efficacy of pazopanib and MK 3475 in subjects with advanced renal cell carcinoma, last submitted Feb. 28, 2020; available at ClinicalTrials.gov/ct2/history/NCT02014636.</othercit>","NPL","Study NPL"
"<othercit>Clinical Trial NCT02014636, Safety and Efficacy Study of Pazopanib and MK 3475 in Advanced Renal Cell Carcinoma (RCC; KEYNOTE-018), last update posted Mar. 3, 2020; available at ClinicalTrials.gov/ct2/show/NCT02014636.</othercit>","NPL","Study NPL"
"<othercit>Clinical Trial NCT02036502, A study of Pembrolizumab (MK-3475) in Combination with Standard of Care Treatments in Participants with Multiple Myeloma (MK-3475-023/KEYNOTE-023) (5 pp) (Study record version available online at clinicaltrials.gov/ct2/history/NCT02036502 submitted Apr. 24, 2018).</othercit>","NPL","Study NPL"
"<othercit>Clinical Trial NCT02036502, A study of Pembrolizumab (MK-3475) in Combination with Standard of Care Treatments in Participants with Multiple Myeloma (MK-3475-023/KEYNOTE-023) (11 pp) (Study record version available online at ClinicalTrials.gov archive (submitted Apr. 24, 2018).</othercit>","NPL","Study NPL"
"<othercit>Clinical Trial NCT02036502, Study of Pembrolizumab (MK-3475) in Combination with Lenalidomide and Dexamethasone in Participants with Multiple Myeloma (MK-3475-023/KEYNOTE-023) as of Jan. 15, 2015.</othercit>","NPL","Study NPL"
"<othercit>Clinical Trial NCT02039674, A Study of Pembrolizumab (MK-3475) in Combination with Chemotherapy or Immunotherapy in Participants with Non-Small Cell Lung Cancer (MK-3475-021/KEYNOTE-021) (5 pp) (Study record version available online at clinicaltrials.gov/ct2/history/NCT02039674 submitted Jun. 12, 2019).</othercit>","NPL","Study NPL"
"<othercit>Clinical Trial NCT02039674, A Study of Pembrolizumab (MK-3475) in Combination with Chemotherapy or Immunotherapy in Participants with Non-Small Cell Lung Cancer (MK-3475-021/KEYNOTE-021), (6 pp) (Study record version available online at clinicaltrials.gov/ct2/history/NCT02039674 submitted Jan. 11, 2019).</othercit>","NPL","Study NPL"
"<othercit>Clinical Trial NCT02133742, A Dose Finding Study to Evaluate Safety, Drug Interaction, Tumor Markers of Axitinib in Combination with MK-3475 in Adult Patients with Previously Untreated Advanced Renal Cell Cancer (8 pages) (Study record version available online at clinicaltrials.gov/ct2/history/NCT02133742 submitted Jun. 20, 2019).</othercit>","NPL","Study NPL"
"<othercit>Clinical Trial NCT02133742, A Dose Finding Study to Evaluate Safety, Drug Interaction, Tumor Markers of Axitinib in Combination with MK-3475 in Adult Patients with Previously Untreated Advanced Renal Cell Cancer (1 p) (Study record version available online at clinicaltrials.gov/ct2/history/NCT02133742 submitted Jun. 20, 2019).</othercit>","NPL","Study NPL"
"<othercit>Clinical Trial NCT02133742, A dose finding study to evaluate safety, drug interaction, tumor markers of axitinib in combination with MK-3475 in adult patients with previously untreated advanced renal cell cancer, (first posted online May 8, 2014), submitted Jun. 20, 2019.</othercit>","NPL","Study NPL"
"<othercit>Clinical Trial NCT02133742, A Dose Finding Study to Evaluate Safety, Drug Interaction, Tumor Markers of Axitinib in Combination with MK-3475 in Adult Patients with Previously Untreated Advanced Renal Cell Cancer, latest version Jul. 26, 2021.</othercit>","NPL","Study NPL"
"<othercit>Clinical Trial NCT02133742, A Dose Finding Study to Evaluate Safety, Drug Interaction, Tumor Markers of Axitinib in Combination with MK-3475 in Adult Patients with Previously Untreated Advanced Renal Cell Cancer, last update posted Jul. 28, 2021.</othercit>","NPL","Study NPL"
"<othercit>Clinical Trial NCT02133742, A dose finding study to evaluate safety, drug interaction, tumor markers of Axitinib in combination with MK-3475 in adult patients with previously untreated advanced renal cell cancer, last submitted Jul. 26, 2021; available at ClinicalTrials.gov/ct2/history/NCT02133742.</othercit>","NPL","Study NPL"
"<othercit>Clinical Trial NCT02331368, Phase 2 Multi-Center Study of Anti-PD-1 during Lymphopenic State after HDT/ASCT for Multiple Myeloma (4 pp) (Study record version available online at clinicaltrials.gov/ct2/history/NCT02331368 submitted Jul. 2, 2018).</othercit>","NPL","Study NPL"
"<othercit>Clinical Trial NTC02014636, Safety and Efficacy Study of Pazopanib and MK 3475 in Advanced Renal Cell Carcinoma (RCC; KEYNOTE-018) (6 pp) (Study record version available online at clinicaltrials.gov/ct2/history/NCT02014636 submitted Apr. 26, 2019).</othercit>","NPL","Study NPL"
"<othercit>Clinical Trials.gov: NCT02014636 A phase I/II study to assess the safety and efficacy of pazopanib and MK 3475 in subjects with advanced renal cell carcinoma. The document was first posted online in Dec. 2013. Retrieved from Clinical Trials.gov archive.</othercit>","NPL","Study NPL"
"<othercit>Clinical Trials: NCT02014636, A Phase I/II Study to Assess the Safety and Efficacy of Pazopanib and MK 34 75 in Subjects With Advanced Renal Cell Carcinoma, Clinical Trials.gov (Jan. 24, 2014), pp. 1-11. Retrieved on Mar. 31, 2015 from clinicaltrials.gov/archive/NCT02014636/2014 01 24 (11 pages).</othercit>","NPL","Study NPL"
"<othercit>Clinical Trials: NCT02133742, A Phase 1 B, Open Label, Dose Finding Study to Evaluate Safety, Pharmacokinetics and Pharmacodynamics Of Axitinib (AG-013736) in Combination with MK-34 75 in Patients with Advanced Renal Cell Cancer, ClinicalTrials.gov archive (May 7, 2014), Retrieved on Mar. 30, 2015 from clinicaltrials.gov/archive/NCT 02133742/2014 05 07 (3 pages).</othercit>","NPL","Study NPL"
"<othercit>Clinical Trials: NCT02179918, A Phase 1 Study of the 4-1B Agonist PF-05082566 in Combination with the PD-1 Inhibitor MK-3475 in Patients with Advanced Solid Tumors, Clinical Trials.gov (Jul. 1, 2014), pp. 1-6. Retrieved from the URL: clinicaltrials.gov/archive/NCT02179918/2014 07 01 (6 pages).</othercit>","NPL","Study NPL"
"<othercit>Czarnecka et al., The Activity of Tyrosine Kinase Inhibitors on Clear Cell Renal Cell Carcinoma Tumor Initiating Cells in Hypoxic Microenvironment, <i>BJUI Supplements</i>, The 11th International Kidney Cancer Symposium Annual Meeting Proceedings, 110(Suppl.2):1-20 (2012).</othercit>","NPL","Study NPL"
"<othercit>Dolgin, Cancer's True Breakthroughs, <i>Nature Medicine</i>, 19(6):660-663 (2013).</othercit>","NPL","Study NPL"
"<othercit>Doloff et al., VEGF Receptor Inhibitors Block the Ability of Metronomically Dosed Cyclophosphamide to Activate Innate Immunity-Induced Tumor Regression, <i>Cancer Res</i>., 72(5):1103-1115 (2012).</othercit>","NPL","Study NPL"
"<othercit>Domblides et al., Emerging Antiangiogenics for Renal Cancer, <i>Expert Opinion on Emerging Drugs</i>, 18(4):495-511 (2013).</othercit>","NPL","Study NPL"
"<othercit>Dong et al., Tumor-associated B7-H1 promotes T-cell apoptosis: a potential mechanism of immune evasion, <i>Nature Medicine</i>, 8(8):793-800 (2002).</othercit>","NPL","Study NPL"
"<othercit>Dorff et al., Novel Tyrosine Kinase Inhibitors for Renal Cell Carcinoma, <i>Expert Rev. Clin. Pharmacol</i>., 7(1):67-73 (2014).</othercit>","NPL","Study NPL"
"<othercit>Drabkin, Pazopanib and Anti-VEGF Therapy, <i>Open Access J. Urol</i>., 12(2):35-40 (2010).</othercit>","NPL","Study NPL"
"<othercit>Duraiswamy et al., Therapeutic PD-1 pathway blockade augments with other modalities of immunotherapy T-cell function to prevent immune decline in ovarian cancer, <i>Cancer Research</i>, 73(23):6900-6912 (2013).</othercit>","NPL","Study NPL"
"<othercit>Escudier et al., Axitinib for the Management of Metastatic Renal Cell Carcinoma, <i>Drugs in R</i>&amp;<i>D</i>, 11(2):113-126 (2011).</othercit>","NPL","Study NPL"
"<othercit>Escudier et al., Optimal Management of Metastatic Renal Cell Carcinoma: Current Status, <i>Drugs</i>, 73:427-438 (2013).</othercit>","NPL","Study NPL"
"<othercit>European Patent Office Decision of the Opposition Division Revoking the European Patent 3102605, dated Jul. 29, 2021.</othercit>","NPL","Study NPL"
"<othercit>European Search Report completed Mar. 12, 2019, issued in EP Application No. 18205542.</othercit>","NPL","Study NPL"
"<othercit>Extended European Search Report completed Feb. 9, 2022, issued in EP Application No. 21187795.6.</othercit>","NPL","Study NPL"
"<othercit>FDA-Approved Patient Labeling for INLYTA, reference ID:3078397 (Jan. 2012).</othercit>","NPL","Study NPL"
"<othercit>Friedman et al. (eds), <i>Fundamentals of Clinical Trials</i>, 4th ed., Springer (New York), pp. 21-27 (2010).</othercit>","NPL","Study NPL"
"<othercit>Furlow, Pazopanib Is Not Safe for Patients With RCC <i>Conference I American Society of Clinical Oncology Annual Meeting: Renal Cell Carcinoma </i>(Jun. 7, 2017).</othercit>","NPL","Study NPL"
"<othercit>Furlow, Pembrolizumab Plus Pazopanib Is Not Safe for Patients With RCC, <i>American Society of Clinical Oncology Annual Meeting: Renal Cell Carcinoma</i>, 2 pp. (Jun. 7, 2017).</othercit>","NPL","Study NPL"
"<othercit>Gao et al., Overexpression of PD-L1 significantly associates with tumor aggressiveness and postoperative recurrence in human hepatocellular carcinoma, <i>Clinical Cancer Research</i>, 15(3):971-979 (2009).</othercit>","NPL","Study NPL"
"<othercit>Garon et al., Abstract A20: MK-3475 Monotherapy for Previously Treated Non-Small Cell Lung Cancer (NSCLC): Preliminary Safety and Clinical Activity, Proceedings of the AACR-IASLC Joint Conference on Molecular Origins of Lung Cancer, Jan. 6-9, 2014, San Diego, CA, Philadelphia, PA; AACR; <i>Clin Cancer Res</i>, 20(2Suppl):Abstract nr A20 (2014).</othercit>","NPL","Study NPL"
"<othercit>Garon et al., Antitumor Activity of Pembrolizumab (PEMBRO; MK-3475) and Correlation with Programmed Death Ligand 1 (PD-L1) Expression in a Pooled Analysis of Patients (PTS) with Advanced Non-Small Cell Lung Carcinoma (NSCLC), <i>Annals of Oncology</i>, 25(Suppl.5):v1-v41 (2014).</othercit>","NPL","Study NPL"
"<othercit>Ghebeh et al., FOXP3+ Tregs and B7-H1+/PD-1+ T lymphocytes co-infiltrate the tumor tissues of high-risk breast cancer patients: Implication for immunotherapy, <i>BMC Cancer</i>, 8:57 (12 pages) (2008).</othercit>","NPL","Study NPL"
"<othercit>Ghebeh et al., The B7-H1 (PD-L1) T lymphocyte-inhibitory molecule is expressed in breast cancer patients with infiltrating ductal carcinoma: correlation with important high-risk prognostic factors, <i>Neoplasia</i>, 8(3):190-198 (2006).</othercit>","NPL","Study NPL"
"<othercit>Gross-Goupil et al., Axitinib: A Review of its Safety and Efficacy in the Treatment of Adults with Advanced Renal Cell Carcinoma, <i>Clinical Medicine Insights: Oncology</i>, 7:269-277 (2013).</othercit>","NPL","Study NPL"
"<othercit>Hamanishi et al., Programmed cell death 1 ligand 1 and tumor-infiltrating CD8+ T lymphocytes are prognostic factors of human ovarian cancer, <i>PNAS</i>, 104(9):3360-3365 (2007).</othercit>","NPL","Study NPL"
"<othercit>Hamid et al., Safety and Tumor Responses with Lambrolizumab (Anti-PD-1) in Melanoma, <i>New England Journal of Medicine</i>, 369(2):134-144 (2013).</othercit>","NPL","Study NPL"
"<othercit>Hamid et al., Safety and Tumor Responses with Lambrolizumab (Anti-PD-1) in Melanoma, N. Engl. J. Med., vol. 369(2): pp. 134-144. Published on Jun. 2, 2013.</othercit>","NPL","Study NPL"
"<othercit>Harshman et al., PD-1 Blockade in Renal Cell Carcinoma: To Equilibrium and Beyond, <i>Cancer Immunol. Res</i>., 2(12):1132-1141 (2014), American Association for Cancer Research, Inc. (publisher), Philadelphia, PA.</othercit>","NPL","Study NPL"
"<othercit>Heine et al., The VEGF-Receptor Inhibitor Axitinib Impairs Dendritic Cell Phenotype and Function, <i>PLOS One</i>, 10(6):e0128897, pp. 1-13 (2015).</othercit>","NPL","Study NPL"
"<othercit>Highlights of Prescribing Information for FDA-Approved Drug Nexavar (sorafenib) tablets, reference ID:4585765 (Jan. 2005), 30 pages.</othercit>","NPL","Study NPL"
"<othercit>Highlights of Prescribing Information for FDA-Approved Drug Sutent (sunitinib malate) capsules, reference ID:36758965 (Jan. 2006), 31 pages.</othercit>","NPL","Study NPL"
"<othercit>Highlights of Prescribing Information for FDA-Approved Drug Votrient (pazopanib) tablets, reference ID:3122369 (Jan. 2009), 32 pages.</othercit>","NPL","Study NPL"
"<othercit>Hino et al., Tumor cell expression of programmed cell death-1 ligand 1 is a prognostic factor for malignant melanoma, <i>Cancer</i>, 116(7):1757-1766 (2010).</othercit>","NPL","Study NPL"
"<othercit>Hu-Lowe et al., Nonclinical antiangiogenesis and antitumor activities of axitinib (AG-013736), an oral, potent, and selective inhibitor of vascular endothelial growth factor receptor tyrosine kinases 1, 2, 3, <i>Clinical Cancer Research</i>, 14(22): 7272-7283 (2008).</othercit>","NPL","Study NPL"
"<othercit>Hutson et al., Axitinib Versus Sorafenib as First-Line Therapy in Patients with Metastatic Renal-Cell Carcinoma: A Randomised Open-Label Phase 3 Trial, <i>Lancet Oncology</i>, 14(13):1287-1294 (2013).</othercit>","NPL","Study NPL"
"<othercit>Hutson et al., Axitinib Versus Sorafenib as First-Line Metastatic Renal Cell Carcinoma: Overall Survival From a Randomized Phase III Trial, <i>Clinical Genitourinary Cancer</i>, 15(1), pp. 72-76 (Feb. 2017) DOI: http://dx.doi.org/10.1016/j.clgc.2016.05.008.</othercit>","NPL","Study NPL"
"<othercit><i>BJUI International</i>, 114(Suppl.4):1-20 (2014).</othercit>","NPL","Study NPL"
"<othercit>Inman et al., PD-L1 (B7-H1) expression by urothelial carcinoma of the bladder and BCG- induced granulomata: associations with localized stage progression, <i>Cancer</i>, 109(8):14991505 (2007).</othercit>","NPL","Study NPL"
"<othercit>International Search Report, International Application No. PCT/US2015/014212, dated May 10, 2015 (12 pages).</othercit>","NPL","Study NPL"
"<othercit><i>WHO Drug Information</i>, vol. 27, No. 2, pp. 161-162 (2013).</othercit>","NPL","Study NPL"
"<othercit>Joshi, J. ASCO GU 2018: Safety and Efficacy of Axitinib in Combination with Pembrolizumab in Patients with Advanced Renal Cell Cancer available at urotodav.com (downloaded Oct. 19, 2018).</othercit>","NPL","Study NPL"
"<othercit>Kaufman et al., The Society for Immunotherapy of Cancer Consensus Statement on Tumour Immunotherapy for the Treatment of Cutaneous Melanoma, <i>Nature</i>, 10:588-598 (2013).</othercit>","NPL","Study NPL"
"<othercit>Kindler et al., Axitinib Plus Gemcitabine Versus Placebo Plus Gemcitabine in Patients with Advanced Pancreatic Adenocarcinoma: a Double-Blind Randomised Phase 3 Study, <i>Lancet Oncol</i>., 12(3):256-262 (2011).</othercit>","NPL","Study NPL"
"<othercit>Lee et al., Combination VEGFR/Immune Checkpoint Inhibitor Therapy: A Promising New Treatment for Renal Cell Carcinoma, <i>British Journal of Cancer</i>, 119:911-912 (published online Oct. 17, 2018) https://doi.org/10.1038/s41416-018-0175-x.</othercit>","NPL","Study NPL"
"<othercit>Lieu et al., Beyond VEGF: Inhibition of the Fibroblast Growth Factor Pathway and Anti-Angiogenesis, <i>Clin. Cancer Res</i>., 17(19):6130-6139 (2011).</othercit>","NPL","Study NPL"
"<othercit>Lipson et al., Durable Cancer Regression Off-Treatment and Effective Reinduction Therapy with an Anti-PD-1 Antibody, <i>Clin. Cancer. Res</i>., 19:462-468 (2013).</othercit>","NPL","Study NPL"
"<othercit>Logan et al., Systemic Therapy for Metastatic Renal Cell Carcinoma: A Review and Update, <i>Rev. Urol</i>., 14(3/4):65-78 (2012).</othercit>","NPL","Study NPL"
"<othercit>Ma et al., Modulation of the Antitumor Activity of Metronomic Cyclophosphamide by the Angiogenesis Inhibitor Axitinib, <i>Mol. Cancer Ther</i>., 7(1):79-89 (2008).</othercit>","NPL","Study NPL"
"<othercit>Mahan, Clinical Trial Phases, <i>International Journal of Clinical Medicine</i>, 5:1374-1383 (2014).</othercit>","NPL","Study NPL"
"<othercit>McDermott et al., A Phase I/II study to assess the safety and efficacy of pazopanib (paz) and pembrolizumab (pembro) in patients (pts) with advanced renal cell carcinoma (aRCC), <i>European Journal of Cancer</i>, 51(3):S519-S20, Abstract 2622 (2015).</othercit>","NPL","Study NPL"
"<othercit>McDermott et al., PD-1 as a Potential Target in Cancer Therapy, <i>Cancer Medicine</i>, 2(5):662673 (2013).</othercit>","NPL","Study NPL"
"<othercit>Minner et al., Epidermal Growth Factor Receptor Protein Expression and Genomic Alterations in Renal Cell Carcinoma, <i>Cancer</i>, 118:1268-1275 (2012).</othercit>","NPL","Study NPL"
"<othercit>Mullard, Learning from the 2012-2013 Class of Breakthrough Therapies, <i>Nature Reviews</i>, 12:891-893 (2013).</othercit>","NPL","Study NPL"
"<othercit>Nakanishi et al., Overexpression of B7-H1 (PD-L1) significantly associates with tumor grade and postoperative prognosis in human urothelial cancers, <i>Cancer Immunology, Immunotherapy</i>, 56(8):1173-1182 (2007).</othercit>","NPL","Study NPL"
"<othercit>Nomi et al., Clinical significance and therapeutic potential of the programmed death-1 ligand/programmed death-1 pathway in human pancreatic cancer, <i>Clinical Cancer Research</i>, 13(7):2151-2157 (2007).</othercit>","NPL","Study NPL"
"<othercit>Ohigashi et al., Clinical significance of programmed death-1 ligand-1 and programmed death-1 ligand-2 expression in human esophageal cancer, <i>Clinical Cancer Research</i>, 11(8): 2947-2953 (2005).</othercit>","NPL","Study NPL"
"<othercit>O'Sullivan et al., The VEGF Inhibitor Axitinib has Limited Effectiveness as a Therapy for Adrenocortical Cancer, <i>J. Clin. Endocrinol. Metab</i>., 99(4):1291-1297 (2014).</othercit>","NPL","Study NPL"
"<othercit>Pal et al., Novel Therapies for Metastatic Renal Cell Carcinoma: Efforts to Expand beyond the VEGF/mTOR Signaling Paradigm, <i>Mol. Cancer Ther</i>., 11(3):526-537 (2012).</othercit>","NPL","Study NPL"
"<othercit>Pardoll, The Blockade of Immune Checkpoints in Cancer Immunotherapy, <i>Nature</i>, 12:252-264 (2012).</othercit>","NPL","Study NPL"
"<othercit>Patel et al., Clinical Cancer Advances 2013: Annual Report on Progress Against Cancer from the American Society of Clinical Oncology, <i>J. Clin. Oncol</i>., 32(2):129-160 (2014, published ahead of print Dec. 10, 2013).</othercit>","NPL","Study NPL"
"<othercit>Patel et al., Clinical Cancer Advances 2013: Annual Report on Progress Against Cancer from the American Society of Clinical Oncology, <i>J. Clin. Oncol</i>., 32(2):129-160 (2013).</othercit>","NPL","Study NPL"
"<othercit>Patnaik et al., Phase I Study of MK-3475 (Anti-PD-1 Monoclonal Antibody) in Patients with Advanced Solid Tumors, <i>J. Clin. Oncol</i>., 30(Supp.15):2512 (2012).</othercit>","NPL","Study NPL"
"<othercit>Powles et al., Pembrolizumab plus axitinib versus sunitinib monotherapy as first-line treatment of advanced renal cell carcinoma (KEYNOTE-426): extended follow-up from a randomised, open-label, phase 3 trial, <i>Lancet Oncology</i>, 21(12):1563-1573 (2020), The Lancet Group (publisher), London, United Kingdom.</othercit>","NPL","Study NPL"
"<othercit>Prescribing Information for KEYTRUDA, reference ID: 3621876 (2014).</othercit>","NPL","Study NPL"
"<othercit>Prescribing Information for KEYTRUDA, Reference ID: 4543239, revised Jan. 2020.</othercit>","NPL","Study NPL"
"<othercit>Press Release, Clinical Trials Arena, Merck Withdraws Keytruda for Lung Cancer Amid FDA Crackdown (Mar. 3, 2021).</othercit>","NPL","Study NPL"
"<othercit>Press Release, European Pharmaceutical Review, Pfizer and Merck to Collaborate on Innovative Anti-Cancer Combination Studies (Feb. 5, 2014).</othercit>","NPL","Study NPL"
"<othercit>Press Release Fierce Biotech, Top 10 experimental cancer drugs-2013 (May 2013).</othercit>","NPL","Study NPL"
"<othercit>Press Release, Merck, Merck announces breakthrough therapy designation for lambrolizumab an investigational antibody therapy for advanced melanoma (Apr. 2013).</othercit>","NPL","Study NPL"
"<othercit>Press Release, Merck, PD-1 inhibitor becomes ‘Breakthrough Therapy', <i>Cancer Discovery 10 </i>(Jul. 2013).</othercit>","NPL","Study NPL"
"<othercit>Press Release, Pfizer, Pfizer and Merck to Collaborate on Innovative Anti-Cancer Combination Studies (Feb. 5, 2014).</othercit>","NPL","Study NPL"
"<othercit>Press Release, Reuters, Update 1-Pfizer Pancreatic Cancer Drug Fails, Trial Halted (Jan. 31, 2009).</othercit>","NPL","Study NPL"
"<othercit>Press Release, The ASCO Post Staff, Breakthrough therapy designation for lambrolizumab for the treatment of advanced melanoma (May 2013).</othercit>","NPL","Study NPL"
"<othercit>Procopio et al., Combination Therapies for Patients with Metastatic Renal Cell Carcinoma, <i>Lancet</i>, 19:281-283 (2018).</othercit>","NPL","Study NPL"
"<othercit>Rini et al., Axitinib for First-Line Metastatic Renal Cell Carcinoma (mRCC): Overall Efficacy and Pharmacokinetic (PK) Analyses from a Randomized Phase II Study, <i>J. Clin. Oncol</i>., 30(15) Supplement 4503 (2012).</othercit>","NPL","Study NPL"
"<othercit>Rini et al., Axitinib with or without Dose Titration for First-Line Metastatic Renal Cell Carcinoma (mRCC): Unblinded Results from a Randomized Phase II Study, <i>J. Clin. Oncol</i>., 31(6) Supplement lba349 (2013).</othercit>","NPL","Study NPL"
"<othercit>Rini et al., Axitinib with or without Dose Titration for First-Line Metastatic Renal Cell Carcinoma: a Randomized Double Blind Phase 2 Trial, <i>Lancet Oncol</i>., 14(12):1233-1242(2013).</othercit>","NPL","Study NPL"
"<othercit>Rini et al., Comparative Effectiveness of Axitinib Versus Sorafenib in Advanced Renal Cell Carcinoma AXIS): A Randomised Phase 3 Trial, <i>The Lancet</i>, 378:1931-1939 (2011).</othercit>","NPL","Study NPL"
"<othercit>Rini et al., Five-Year Survival in Patients with Cytokine-Refractory Metastatic Renal Cell Carcinoma Treated with Axitinib, <i>Clin. Genitourin. Cancer</i>, 11(2):107-114 (2013).</othercit>","NPL","Study NPL"
"<othercit>Rini et al., Pembrolizumab plus Axitinib versus Sunitinib for Advanced Renal- Cell Carcinoma, <i>New England Journal of Medicine</i>, 380:1116-1127 (2019) (obtained online).</othercit>","NPL","Study NPL"
"<othercit>Rini et al., Phase 1 Dose-Escalation Trial of Tremelimumab Plus Sunitinib in Patients with Metastatic Renal Cell Carcinoma, <i>Cancer</i>, 117:758-767 (2011).</othercit>","NPL","Study NPL"
"<othercit>Rizvi et al., Safety and Clinical Activity of MK-3475 as Initial Therapy in Patients with Advanced Non-Small Cell Lung Cancer (NSCLC), <i>J. Clin. Oncol</i>., 32(15) Supplement 8007 (2014).</othercit>","NPL","Study NPL"
"<othercit>Robert et al., Drug of the Year: Programmed Death-1 Receptor/Programmed Death-1 Ligand-1 Receptor Monoclonal Antibodies, <i>European Journal of Cancer</i>, 49:2968-2971 (2013).</othercit>","NPL","Study NPL"
"<othercit>Robert et al., LBA-Pembrolizumab (Pembro:MK-3475) for Advanced Melanoma (MEL): Randomized Comparison of Two Dosing Schedules, <i>Annals of Oncology</i>, 25(5):1-41 (2014).</othercit>","NPL","Study NPL"
"<othercit>Rothermundt et al., Successful treatment with an anti-PD-1 antibody for progressing brain metastases in renal cell cancer, <i>Annals of Oncology</i>, 25:544-552 (2016).</othercit>","NPL","Study NPL"
"<othercit>Search Report dated Sep. 11, 2018 in ROC (Taiwan) Patent Application No. 104103603.</othercit>","NPL","Study NPL"
"<othercit>Seliger et al., Antitumour and Immune-Adjuvant Activities of Protein-Tyrosine Kinase Inhibitors, <i>Trends in Mol. Med</i>., 16(4):184-192 (2010).</othercit>","NPL","Study NPL"
"<othercit>Sequence Listing from PCT/US2008/007463 filed Jun. 13, 2008.</othercit>","NPL","Study NPL"
"<othercit>Sequence Listing from PCT/US2012/031063 (WO 2012/135408) filed Mar. 29, 2012.</othercit>","NPL","Study NPL"
"<othercit>Sharpe et al., The function of programmed cell death 1 and its ligands in regulating autoimmunity and infection, <i>Nature Immunology</i>, 8(3):239-245 (2007).</othercit>","NPL","Study NPL"
"<othercit>Shimauchi et al., Augmented expression of programmed death-1 in both neoplastic and non-neoplastic CD4+ T-cells in adult T-cell leukemia/lymphoma, <i>International Journal of Cancer</i>, 121(12):2585-2590 (2007).</othercit>","NPL","Study NPL"
"<othercit>Sliwkowski et al., Antibody Therapeutics in Cancer, <i>Science</i>, 341:1192-1198 (2013).</othercit>","NPL","Study NPL"
"<othercit>Solowiej et al., Characterizing the effects of the juxtamembrane domain on vascular endothelial growth factor receptor-2 enzymatic activity, autophosphorylation, and inhibition by axitinib, <i>Biochemistry</i>, 48(29):7019-31 (2009).</othercit>","NPL","Study NPL"
"<othercit>Stehle et al., Reduced Immunosuppressive Properties of Axitinib in Comparison with Other Tyrosine Kinase Inhibitors, <i>J. Biol. Chem</i>., 288(23):16334-16347 (2013).</othercit>","NPL","Study NPL"
"<othercit>Stehle et al., Reduced immunosuppressive properties of axitinib in comparison with other tyrosine kinase inhibitors, J Biol Chem, vol. 288(23): pp. 16334-16347. Published Jun. 7, 2013.</othercit>","NPL","Study NPL"
"<othercit>Submission of the applicant dated May 10, 2017, during examination of EP 15703439.8.</othercit>","NPL","Study NPL"
"<othercit>Summary of Product Characteristics of Axitinib, Pfizer, May 22, 2017.</othercit>","NPL","Study NPL"
"<othercit>Summary of Product Characteristics of Pembrolizumab, Merck, Mar. 24, 2020.</othercit>","NPL","Study NPL"
"<othercit>Tang et al., Programmed Death 1 Pathway Inhibition in Metastatic Renal Cell Cancer and Prostate Cancer, <i>Curr. Oncol. Rep</i>., 15:98-104 (2013).</othercit>","NPL","Study NPL"
"<othercit>Thompson et al., PD-1 is expressed by tumor-infiltrating immune cells and is associated with poor outcome for patients with renal cell carcinoma, Clinical Cancer Research, 13(6):1757-1761 (2007).</othercit>","NPL","Study NPL"
"<othercit>Thompson et al., Significance of B7-H1 overexpression in kidney cancer, Clinical Genitourinary Cancer, 5(3):206-211 (2006).</othercit>","NPL","Study NPL"
"<othercit>Thorn et al., PharmGKB Summary: Pazopanib Pathway, Pharmacokinetics, <i>Pharmacogenetics and Genomics </i>(2017).</othercit>","NPL","Study NPL"
"<othercit>Topalian et al., Safety, Activity, and Immune Correlates of Anti-PD-1 Antibody in Cancer, <i>N. Engl. J. Med</i>., 366(26):2443-2454 (2012).</othercit>","NPL","Study NPL"
"<othercit>Tykodi, Progress and Potential of Immune Checkpoint Blockage for Treating Advanced Renal Cell Carcinoma, <i>Immunotherapy</i>, 5(6):607-619 (2013).</othercit>","NPL","Study NPL"
"<othercit>Van Geel et al., Concise Drug Review: Pazopanib and Axitinib, <i>The Oncologist</i>, 17:1081-1089 (2012).</othercit>","NPL","Study NPL"
"<othercit>Van Geel et al., Concise drug review: Pazopanib and Axitinib. The Oncologist, vol. 17: pp. 1081-1089. Published Jun. 25, 2012.</othercit>","NPL","Study NPL"
"<othercit>Wei et al., Combinatorial PD-1 blockade and CD137 activation has therapeutic efficacy in murine cancer models and synergizes with cisplatin, <i>PLOS One</i>, 8(12):e84927 (11 pages) (2013).</othercit>","NPL","Study NPL"
"<othercit>Yang et al., PD-L1: PD-1 interaction contributes to the functional suppression of T-cell responses to human uveal melanoma cells in vitro, <i>Investigative Ophthalmology </i>&amp; <i>Visual Science</i>, 49(6):2518-2525 (2008).</othercit>","NPL","Study NPL"
"<othercit>Yasuda et al., Simultaneous Blockade of Programmed Death 1 and Vascular Endothelial Growth Factor Receptor 2 (VEGFR2) Induces Synergistic Anti-Tumour Effect in vivo, <i>Clinical and Experimental Immunology</i>, 172(3):500-506 (2013).</othercit>","NPL","Study NPL"
"<othercit>Yousaf et al., Axitinib in advanced renal-cell carcinoma, <i>The Lancet Oncology</i>, 12(13):1245-1246 (2013).</othercit>","NPL","Study NPL"
"Pal et al., Novel Therapies for Metastatic Renal Cell Carcinoma: Efforts to Expand beyond the VEGF/mTOR Signaling Paradigm, Mol. Cancer Ther., 11(3):526-537 (2012).","NPL","Study NPL"
"Pardoll, The Blockade of Immune Checkpoints in Cancer Immunotherapy, Nature, 12:252-264 (2012).","NPL","Study NPL"
"Patel et al., Clinical Cancer Advances 2013: Annual Report on Progress Against Cancer from the American Society of Clinical Oncology, J. Clin. Oncol., 32(2):129-160 (2014, published ahead of print Dec. 10, 2013).","NPL","Study NPL"
"Patel et al., Clinical Cancer Advances 2013: Annual Report on Progress Against Cancer from the American Society of Clinical Oncology, J. Clin. Oncol., 32(2):129-160 (2013).","NPL","Study NPL"
"Patnaik et al., Phase I Study of MK-3475 (Anti-PD-1 Monoclonal Antibody) in Patients with Advanced Solid Tumors, J. Clin. Oncol., 30(Supp.15):2512 (2012).","NPL","Study NPL"
"Powles et al., Pembrolizumab plus axitinib versus sunitinib monotherapy as first-line treatment of advanced renal cell carcinoma (KEYNOTE-426): extended follow-up from a randomised, open-label, phase 3 trial, Lancet Oncology, 21(12):1563-1573 (2020), The Lancet Group (publisher), London, United Kingdom.","NPL","Study NPL"
"Prescribing Information for KEYTRUDA, reference ID: 3621876 (2014).","NPL","Study NPL"
"Prescribing Information for KEYTRUDA, Reference ID: 4543239, revised Jan. 2020.","NPL","Study NPL"
"Press Release, Clinical Trials Arena, Merck Withdraws Keytruda for Lung Cancer Amid FDA Crackdown (Mar. 3, 2021).","NPL","Study NPL"
"Press Release, European Pharmaceutical Review, Pfizer and Merck to Collaborate on Innovative Anti-Cancer Combination Studies (Feb. 5, 2014).","NPL","Study NPL"
"Press Release Fierce Biotech, Top 10 experimental cancer drugs-2013 (May 2013).","NPL","Study NPL"
"Press Release, Merck, Merck announces breakthrough therapy designation for lambrolizumab an investigational antibody therapy for advanced melanoma (Apr. 2013).","NPL","Study NPL"
"Press Release, Merck, PD-1 inhibitor becomes ‘Breakthrough Therapy', Cancer Discovery 10 (Jul. 2013).","NPL","Study NPL"
"Press Release, Pfizer, Pfizer and Merck to Collaborate on Innovative Anti-Cancer Combination Studies (Feb. 5, 2014).","NPL","Study NPL"
"Press Release, Reuters, Update 1-Pfizer Pancreatic Cancer Drug Fails, Trial Halted (Jan. 31, 2009).","NPL","Study NPL"
"Press Release, The ASCO Post Staff, Breakthrough therapy designation for lambrolizumab for the treatment of advanced melanoma (May 2013).","NPL","Study NPL"
"Procopio et al., Combination Therapies for Patients with Metastatic Renal Cell Carcinoma, Lancet, 19:281-283 (2018).","NPL","Study NPL"
"Rini et al., Axitinib for First-Line Metastatic Renal Cell Carcinoma (mRCC): Overall Efficacy and Pharmacokinetic (PK) Analyses from a Randomized Phase II Study, J. Clin. Oncol., 30(15) Supplement 4503 (2012).","NPL","Study NPL"
"Rini et al., Axitinib with or without Dose Titration for First-Line Metastatic Renal Cell Carcinoma (mRCC): Unblinded Results from a Randomized Phase II Study, J. Clin. Oncol., 31(6) Supplement lba349 (2013).","NPL","Study NPL"
"Rini et al., Axitinib with or without Dose Titration for First-Line Metastatic Renal Cell Carcinoma: a Randomized Double Blind Phase 2 Trial, Lancet Oncol., 14(12):1233-1242(2013).","NPL","Study NPL"
"Rini et al., Comparative Effectiveness of Axitinib Versus Sorafenib in Advanced Renal Cell Carcinoma AXIS): A Randomised Phase 3 Trial, The Lancet, 378:1931-1939 (2011).","NPL","Study NPL"
"Rini et al., Five-Year Survival in Patients with Cytokine-Refractory Metastatic Renal Cell Carcinoma Treated with Axitinib, Clin. Genitourin. Cancer, 11(2):107-114 (2013).","NPL","Study NPL"
"Rini et al., Pembrolizumab plus Axitinib versus Sunitinib for Advanced Renal- Cell Carcinoma, New England Journal of Medicine, 380:1116-1127 (2019) (obtained online).","NPL","Study NPL"
"Rini et al., Phase 1 Dose-Escalation Trial of Tremelimumab Plus Sunitinib in Patients with Metastatic Renal Cell Carcinoma, Cancer, 117:758-767 (2011).","NPL","Study NPL"
"Rizvi et al., Safety and Clinical Activity of MK-3475 as Initial Therapy in Patients with Advanced Non-Small Cell Lung Cancer (NSCLC), J. Clin. Oncol., 32(15) Supplement 8007 (2014).","NPL","Study NPL"
"Robert et al., Drug of the Year: Programmed Death-1 Receptor/Programmed Death-1 Ligand-1 Receptor Monoclonal Antibodies, European Journal of Cancer, 49:2968-2971 (2013).","NPL","Study NPL"
"Robert et al., LBA-Pembrolizumab (Pembro:MK-3475) for Advanced Melanoma (MEL): Randomized Comparison of Two Dosing Schedules, Annals of Oncology, 25(5):1-41 (2014).","NPL","Study NPL"
"Rothermundt et al., Successful treatment with an anti-PD-1 antibody for progressing brain metastases in renal cell cancer, Annals of Oncology, 25:544-552 (2016).","NPL","Study NPL"
"Search Report dated Sep. 11, 2018 in ROC (Taiwan) Patent Application No. 104103603.","NPL","Study NPL"
"Seliger et al., Antitumour and Immune-Adjuvant Activities of Protein-Tyrosine Kinase Inhibitors, Trends in Mol. Med., 16(4):184-192 (2010).","NPL","Study NPL"
"Sequence Listing from PCT/US2008/007463 filed Jun. 13, 2008.","NPL","Study NPL"
"Sequence Listing from PCT/US2012/031063 (WO 2012/135408) filed Mar. 29, 2012.","NPL","Study NPL"
"Sharpe et al., The function of programmed cell death 1 and its ligands in regulating autoimmunity and infection, Nature Immunology, 8(3):239-245 (2007).","NPL","Study NPL"
"Shimauchi et al., Augmented expression of programmed death-1 in both neoplastic and non-neoplastic CD4+ T-cells in adult T-cell leukemia/lymphoma, International Journal of Cancer, 121(12):2585-2590 (2007).","NPL","Study NPL"
"Sliwkowski et al., Antibody Therapeutics in Cancer, Science, 341:1192-1198 (2013).","NPL","Study NPL"
"Solowiej et al., Characterizing the effects of the juxtamembrane domain on vascular endothelial growth factor receptor-2 enzymatic activity, autophosphorylation, and inhibition by axitinib, Biochemistry, 48(29):7019-31 (2009).","NPL","Study NPL"
"Stehle et al., Reduced Immunosuppressive Properties of Axitinib in Comparison with Other Tyrosine Kinase Inhibitors, J. Biol. Chem., 288(23):16334-16347 (2013).","NPL","Study NPL"
"Stehle et al., Reduced immunosuppressive properties of axitinib in comparison with other tyrosine kinase inhibitors, J Biol Chem, vol. 288(23): pp. 16334-16347. Published Jun. 7, 2013.","NPL","Study NPL"
"Submission of the applicant dated May 10, 2017, during examination of EP 15703439.8.","NPL","Study NPL"
"Summary of Product Characteristics of Axitinib, Pfizer, May 22, 2017.","NPL","Study NPL"
"Summary of Product Characteristics of Pembrolizumab, Merck, Mar. 24, 2020.","NPL","Study NPL"
"Tang et al., Programmed Death 1 Pathway Inhibition in Metastatic Renal Cell Cancer and Prostate Cancer, Curr. Oncol. Rep., 15:98-104 (2013).","NPL","Study NPL"
"Thompson et al., PD-1 is expressed by tumor-infiltrating immune cells and is associated with poor outcome for patients with renal cell carcinoma, Clinical Cancer Research, 13(6):1757-1761 (2007).","NPL","Study NPL"
"Thompson et al., Significance of B7-H1 overexpression in kidney cancer, Clinical Genitourinary Cancer, 5(3):206-211 (2006).","NPL","Study NPL"
"Thorn et al., PharmGKB Summary: Pazopanib Pathway, Pharmacokinetics, Pharmacogenetics and Genomics (2017).","NPL","Study NPL"
"Topalian et al., Safety, Activity, and Immune Correlates of Anti-PD-1 Antibody in Cancer, N. Engl. J. Med., 366(26):2443-2454 (2012).","NPL","Study NPL"
"Tykodi, Progress and Potential of Immune Checkpoint Blockage for Treating Advanced Renal Cell Carcinoma, Immunotherapy, 5(6):607-619 (2013).","NPL","Study NPL"
"Van Geel et al., Concise Drug Review: Pazopanib and Axitinib, The Oncologist, 17:1081-1089 (2012).","NPL","Study NPL"
"Van Geel et al., Concise drug review: Pazopanib and Axitinib. The Oncologist, vol. 17: pp. 1081-1089. Published Jun. 25, 2012.","NPL","Study NPL"
"Wei et al., Combinatorial PD-1 blockade and CD137 activation has therapeutic efficacy in murine cancer models and synergizes with cisplatin, PLOS One, 8(12):e84927 (11 pages) (2013).","NPL","Study NPL"
"WHO Drug Information, vol. 27, No. 2, pp. 161-162 (2013).","NPL","Study NPL"
"Yang et al., PD-L1: PD-1 interaction contributes to the functional suppression of T-cell responses to human uveal melanoma cells in vitro, Investigative Ophthalmology & Visual Science, 49(6):2518-2525 (2008).","NPL","Study NPL"
"Yasuda et al., Simultaneous Blockade of Programmed Death 1 and Vascular Endothelial Growth Factor Receptor 2 (VEGFR2) Induces Synergistic Anti-Tumour Effect in vivo, Clinical and Experimental Immunology, 172(3):500-506 (2013).","NPL","Study NPL"
"Yousaf et al., Axitinib in advanced renal-cell carcinoma, The Lancet Oncology, 12(13):1245-1246 (2013).","NPL","Study NPL"
